"annotation_id","annotator","comment","created_at","id","lead_time","rating","sentiment","updated_at","–í–æ–ø—Ä–æ—Å —Ä–µ—à–µ–Ω","–ù—Ä–∞–≤–∏—Ç—Å—è –∫–∞—á–µ—Å—Ç–≤–æ –≤—ã–ø–æ–ª–Ω–µ–Ω–∏—è –∑–∞—è–≤–∫–∏","–ù—Ä–∞–≤–∏—Ç—Å—è –∫–∞—á–µ—Å—Ç–≤–æ —Ä–∞–±–æ—Ç—ã —Å–æ—Ç—Ä—É–¥–Ω–∏–∫–æ–≤","–ù—Ä–∞–≤–∏—Ç—Å—è —Å–∫–æ—Ä–æ—Å—Ç—å –æ—Ç—Ä–∞–±–æ—Ç–∫–∏ –∑–∞—è–≤–æ–∫","–ü–æ–Ω—Ä–∞–≤–∏–ª–æ—Å—å –≤—ã–ø–æ–ª–Ω–µ–Ω–∏–µ –∑–∞—è–≤–∫–∏"

1708,"1","—Å–ø–∞—Å–∏–±–æ","2025-05-14T07:53:16.505520Z",2945792.0,4.441,5.0,"{""choices"":[""–ü–æ–Ω—Ä–∞–≤–∏–ª–æ—Å—å –≤—ã–ø–æ–ª–Ω–µ–Ω–∏–µ –∑–∞—è–≤–∫–∏"",""–í–æ–ø—Ä–æ—Å —Ä–µ—à–µ–Ω""]}","2025-05-14T07:53:16.505520Z","","","","",""

1709,"1","—Å–ø–∞—Å–∏–±–æ!","2025-05-14T07:55:05.632201Z",3234340.0,3.688,5.0,"{""choices"":[""–ü–æ–Ω—Ä–∞–≤–∏–ª–æ—Å—å –≤—ã–ø–æ–ª–Ω–µ–Ω–∏–µ –∑–∞—è–≤–∫–∏"",""–î—Ä—É–≥–æ–µ""]}","2025-05-14T07:55:05.632201Z","","","","",""

1710,"1","–û—Ç–ª–∏—á–Ω–æ ","2025-05-14T07:55:13.060344Z",3380332.0,5.391,5.0,"{""choices"":[""–ü–æ–Ω—Ä–∞–≤–∏–ª–æ—Å—å –≤—ã–ø–æ–ª–Ω–µ–Ω–∏–µ –∑–∞—è–≤–∫–∏"",""–í–æ–ø—Ä–æ—Å —Ä–µ—à–µ–Ω""]}","2025-05-14T07:55:13.060344Z","","","","",""

1711,"1","–ë–ª–∞–≥–æ–¥–∞—Ä—é –∑–∞ –æ–ø–µ—Ä–∞—Ç–∏–≤–Ω–æ–µ —Ä–µ—à–µ–Ω–∏–µ –ø—Ä–æ–±–ª–µ–º—ã ! ","2025-05-14T07:55:59.392892Z",3381812.0,44.641,5.0,"–ù—Ä–∞–≤–∏—Ç—Å—è —Å–∫–æ—Ä–æ—Å—Ç—å –æ—Ç—Ä–∞–±–æ—Ç–∫–∏ –∑–∞—è–≤–æ–∫","2025-05-14T07:55:59.392892Z","","","","",""

1712,"1","–ü—Ä–µ–∫—Ä–∞—Å–Ω—ã–π —Å–ø–µ—Ü–∏–∞–ª–∏—Å—Ç! –ü–æ–±–æ–ª—å—à–µ —Ç–∞–∫–∏—Ö","2025-05-14T07:56:04.420813Z",3461991.0,2.996,5.0,"–ù—Ä–∞–≤–∏—Ç—Å—è –∫–∞—á–µ—Å—Ç–≤–æ —Ä–∞–±–æ—Ç—ã —Å–æ—Ç—Ä—É–¥–Ω–∏–∫–æ–≤","2025-05-14T07:56:04.420813Z","","","","",""

1713,"1","–°–ø–∞—Å–∏–±–æ ","2025-05-14T07:56:08.912924Z",3551430.0,3.38,5.0,"{""choices"":[""–ü–æ–Ω—Ä–∞–≤–∏–ª–æ—Å—å –≤—ã–ø–æ–ª–Ω–µ–Ω–∏–µ –∑–∞—è–≤–∫–∏"",""–í–æ–ø—Ä–æ—Å —Ä–µ—à–µ–Ω""]}","2025-05-14T07:56:08.912924Z","","","","",""

1714,"1","–ø–µ—Ä–µ—Å—á–µ—Ç, –∏ —Å–∫–æ—Ä–æ—Å—Ç—å 

","2025-05-14T07:57:16.770953Z",3572768.0,8.863,1.0,"–ù—Ä–∞–≤–∏—Ç—Å—è —Å–∫–æ—Ä–æ—Å—Ç—å –æ—Ç—Ä–∞–±–æ—Ç–∫–∏ –∑–∞—è–≤–æ–∫","2025-05-14T07:57:16.770953Z","","","","",""

1715,"1","–°–ø–∞—Å–∏–±–æ –∑–∞ –æ–±–Ω–æ–≤–ª–µ–Ω–∏–µ –ø–æ–∫—Ä–∞—Å–∫–∏ —Å—Ç–µ–Ω","2025-05-14T07:57:34.624758Z",3584536.0,15.521,5.0,"","2025-05-14T07:57:34.624758Z","","","","",""

1716,"1","–°–ø–∞—Å–∏–±–æ! ","2025-05-14T07:57:52.135655Z",3617808.0,3.586,5.0,"{""choices"":[""–ü–æ–Ω—Ä–∞–≤–∏–ª–æ—Å—å –≤—ã–ø–æ–ª–Ω–µ–Ω–∏–µ –∑–∞—è–≤–∫–∏"",""–í–æ–ø—Ä–æ—Å —Ä–µ—à–µ–Ω""]}","2025-05-14T07:57:52.135655Z","","","","",""

1717,"1","—Å–ø–∞—Å–∏–±–æ —É–ø—Ä–∞–≤–ª—è—é—â–µ–π –∫–æ–º–ø–∞–Ω–∏–∏ –∑–∞ —Ç–æ —á—Ç–æ  –ø—Ä–∏—Å–ª–∞–ª–∏ –≥—Ä–∞–º–æ—Ç–Ω–æ–≥–æ —Å–ø–µ—Ü–∏–∞–ª–∏—Å—Ç–∞ –∏ –±—ã—Å—Ç—Ä–æ –æ—Ç—Ä–µ–∞–≥–∏—Ä–æ–≤–∞–ª–∏ –Ω–∞ –∑–∞—è–≤–∫—É ","2025-05-14T07:57:57.620803Z",3627490.0,4.394,5.0,"–ü–æ–Ω—Ä–∞–≤–∏–ª–æ—Å—å –≤—ã–ø–æ–ª–Ω–µ–Ω–∏–µ –∑–∞—è–≤–∫–∏","2025-05-14T07:57:57.620803Z","","","","",""

1718,"1","—Å–ø–∞—Å–∏–±–æ 

","2025-05-14T07:58:07.143007Z",3657819.0,7.477,5.0,"{""choices"":[""–ü–æ–Ω—Ä–∞–≤–∏–ª–æ—Å—å –≤—ã–ø–æ–ª–Ω–µ–Ω–∏–µ –∑–∞—è–≤–∫–∏"",""–í–æ–ø—Ä–æ—Å —Ä–µ—à–µ–Ω""]}","2025-05-14T07:58:07.143007Z","","","","",""

1719,"1","–°–ø–∞—Å–∏–±–æ ","2025-05-14T07:59:00.968129Z",3691620.0,51.227,5.0,"{""choices"":[""–ü–æ–Ω—Ä–∞–≤–∏–ª–æ—Å—å –≤—ã–ø–æ–ª–Ω–µ–Ω–∏–µ –∑–∞—è–≤–∫–∏"",""–í–æ–ø—Ä–æ—Å —Ä–µ—à–µ–Ω""]}","2025-05-14T07:59:00.968129Z","","","","",""

1720,"1","–†–µ—à–∏–ª–∏ –º–æ–π –≤–æ–ø—Ä–æ—Å. –°–ø–∞—Å–∏–±–æ! ","2025-05-14T07:59:55.659392Z",3695420.0,52.793,5.0,"–ü–æ–Ω—Ä–∞–≤–∏–ª–æ—Å—å –≤—ã–ø–æ–ª–Ω–µ–Ω–∏–µ –∑–∞—è–≤–∫–∏","2025-05-14T07:59:55.659392Z","","","","",""

1721,"1","–û—á–µ–Ω—å —Ä–∞–¥—É–µ—Ç —Ä–∞–±–æ—Ç–∞ –£–ö. –û–ø–µ—Ä–∞—Ç–∏–≤–Ω–æ! –°–ø–∞—Å–∏–±–æ!","2025-05-14T08:01:09.399113Z",3716702.0,71.285,5.0,"–ù—Ä–∞–≤–∏—Ç—Å—è –∫–∞—á–µ—Å—Ç–≤–æ —Ä–∞–±–æ—Ç—ã —Å–æ—Ç—Ä—É–¥–Ω–∏–∫–æ–≤","2025-05-14T08:01:09.399113Z","","","","",""

1722,"1","–í—Å–µ –∏—Å–ø—Ä–∞–≤–∏–ª–∏ ","2025-05-14T08:01:17.683113Z",3726842.0,3.35,5.0,"–ü–æ–Ω—Ä–∞–≤–∏–ª–æ—Å—å –≤—ã–ø–æ–ª–Ω–µ–Ω–∏–µ –∑–∞—è–≤–∫–∏","2025-05-14T08:01:17.683113Z","","","","",""

1723,"1","—Å–ø–∞—Å–∏–±–æ –∑–∞ –æ–ø–µ—Ä–∞—Ç–∏–≤–Ω—É—é —Ä–∞–±–æ—Ç—É ","2025-05-14T08:01:26.924115Z",3745025.0,12.719000000000001,5.0,"–ù—Ä–∞–≤–∏—Ç—Å—è –∫–∞—á–µ—Å—Ç–≤–æ –≤—ã–ø–æ–ª–Ω–µ–Ω–∏—è –∑–∞—è–≤–∫–∏","2025-05-14T08:01:33.816509Z","","","","",""

1724,"1","–í—ã–ø–æ–ª–Ω–∏–ª–∏ –æ—Ç–ª–∏—á–Ω–æ , –æ–±—Ä–∞–±–æ—Ç–∫–∞ –∑–∞—è–≤–∫–∏ –±—ã–ª–∞ —Å–ª–∏—à–∫–æ–º –¥–æ—Ä–æ–≥–æ–π ","2025-05-14T08:01:44.111754Z",3749719.0,9.105,5.0,"–î—Ä—É–≥–æ–µ","2025-05-14T08:01:44.111754Z","","","","",""

1725,"1","—Å–ø–∞—Å–∏–±–æ –±–æ–ª—å—à–æ–µ! —Ç–µ–ø–µ—Ä—å –Ω–µ —Å–∫—Ä–∏–ø—è—Ç ","2025-05-14T08:03:41.197316Z",3751364.0,114.957,5.0,"–ù—Ä–∞–≤–∏—Ç—Å—è –∫–∞—á–µ—Å—Ç–≤–æ –≤—ã–ø–æ–ª–Ω–µ–Ω–∏—è –∑–∞—è–≤–∫–∏","2025-05-14T08:03:41.197316Z","","","","",""

1726,"1","—Å–ø–∞—Å–∏–±–æ","2025-05-14T08:03:49.649834Z",3766183.0,6.202,5.0,"{""choices"":[""–ü–æ–Ω—Ä–∞–≤–∏–ª–æ—Å—å –≤—ã–ø–æ–ª–Ω–µ–Ω–∏–µ –∑–∞—è–≤–∫–∏"",""–í–æ–ø—Ä–æ—Å —Ä–µ—à–µ–Ω""]}","2025-05-14T08:03:49.649834Z","","","","",""

1727,"1","–°–ø–∞—Å–∏–±–æ!","2025-05-14T08:03:53.930838Z",3770102.0,3.232,5.0,"{""choices"":[""–ü–æ–Ω—Ä–∞–≤–∏–ª–æ—Å—å –≤—ã–ø–æ–ª–Ω–µ–Ω–∏–µ –∑–∞—è–≤–∫–∏"",""–í–æ–ø—Ä–æ—Å —Ä–µ—à–µ–Ω""]}","2025-05-14T08:03:53.930838Z","","","","",""

1728,"1","–ù–æ—Ä–º","2025-05-14T08:03:59.787054Z",3773834.0,3.312,1.0,"–í–æ–ø—Ä–æ—Å —Ä–µ—à–µ–Ω","2025-05-14T08:03:59.787054Z","","","","",""

1729,"1","—Å–ø–∞—Å–∏–±–æ. –≤—Å–µ –ø—Ä–æ—à–ª–æ –æ—á–µ–Ω—å —Ö–æ—Ä–æ—à–æ","2025-05-14T08:04:06.864984Z",3791959.0,5.405,5.0,"–ù—Ä–∞–≤–∏—Ç—Å—è —Å–∫–æ—Ä–æ—Å—Ç—å –æ—Ç—Ä–∞–±–æ—Ç–∫–∏ –∑–∞—è–≤–æ–∫","2025-05-14T08:04:06.864984Z","","","","",""

1730,"1","–°–ø–∞—Å–∏–±–æ, –ø—Ä–∏—à–ª–∏ –≤—Å–µ –ø–æ–º–µ–Ω—è–ª–∏ –∑–∞ 10 –º–∏–Ω—É—Ç ","2025-05-14T08:05:06.239740Z",3797804.0,50.878,5.0,"–ù—Ä–∞–≤–∏—Ç—Å—è —Å–∫–æ—Ä–æ—Å—Ç—å –æ—Ç—Ä–∞–±–æ—Ç–∫–∏ –∑–∞—è–≤–æ–∫","2025-05-14T08:05:06.239740Z","","","","",""

1731,"1","–í—Å–µ –æ—á–µ–Ω—å –æ–ø–µ—Ä–∞—Ç–∏–≤–Ω–æ ","2025-05-14T08:05:18.991067Z",3799741.0,10.705,5.0,"–ù—Ä–∞–≤–∏—Ç—Å—è –∫–∞—á–µ—Å—Ç–≤–æ —Ä–∞–±–æ—Ç—ã —Å–æ—Ç—Ä—É–¥–Ω–∏–∫–æ–≤","2025-05-14T08:05:18.991067Z","","","","",""

1732,"1","–û–≥—Ä–æ–º–Ω–æ–µ —Å–ø–∞—Å–∏–±–æ.","2025-05-14T08:05:26.730557Z",3802024.0,6.422,5.0,"–ù—Ä–∞–≤–∏—Ç—Å—è —Å–∫–æ—Ä–æ—Å—Ç—å –æ—Ç—Ä–∞–±–æ—Ç–∫–∏ –∑–∞—è–≤–æ–∫","2025-05-14T08:05:26.730557Z","","","","",""

1733,"1","–í—Å–µ –æ—Ç–ª–∏—á–Ω–æ! –°–ø–∞—Å–∏–±–æ.","2025-05-14T08:05:32.874712Z",3805876.0,4.222,5.0,"–ù—Ä–∞–≤–∏—Ç—Å—è –∫–∞—á–µ—Å—Ç–≤–æ —Ä–∞–±–æ—Ç—ã —Å–æ—Ç—Ä—É–¥–Ω–∏–∫–æ–≤","2025-05-14T08:05:32.875704Z","","","","",""

1734,"1","–•–æ—Ä–æ—à–∏–π –º–∞—Å—Ç–µ—Ä","2025-05-14T08:05:37.607495Z",3812092.0,2.975,5.0,"–ù—Ä–∞–≤–∏—Ç—Å—è –∫–∞—á–µ—Å—Ç–≤–æ —Ä–∞–±–æ—Ç—ã —Å–æ—Ç—Ä—É–¥–Ω–∏–∫–æ–≤","2025-05-14T08:05:37.607495Z","","","","",""

1735,"1","–°–ø–∞—Å–∏–±–æ –∑–∞ –æ–ø–µ—Ä–∞—Ç–∏–≤–Ω–æ—Å—Ç—å! 

","2025-05-14T08:05:45.742495Z",3815412.0,5.785,5.0,"–ù—Ä–∞–≤–∏—Ç—Å—è –∫–∞—á–µ—Å—Ç–≤–æ —Ä–∞–±–æ—Ç—ã —Å–æ—Ç—Ä—É–¥–Ω–∏–∫–æ–≤","2025-05-14T08:05:45.742495Z","","","","",""

1736,"1","–≤—ã–ø–æ–ª–Ω–µ–Ω–∞



","2025-05-14T08:05:55.003499Z",3820641.0,7.734,5.0,"–ü–æ–Ω—Ä–∞–≤–∏–ª–æ—Å—å –≤—ã–ø–æ–ª–Ω–µ–Ω–∏–µ –∑–∞—è–≤–∫–∏","2025-05-14T08:05:55.003499Z","","","","",""

1737,"1","–í—Å–µ —Å—É–ø–µ—Ä, –ú–∞—Å—Ç–µ—Ä üëç","2025-05-14T08:06:00.560501Z",3828569.0,2.709,5.0,"–ù—Ä–∞–≤–∏—Ç—Å—è –∫–∞—á–µ—Å—Ç–≤–æ —Ä–∞–±–æ—Ç—ã —Å–æ—Ç—Ä—É–¥–Ω–∏–∫–æ–≤","2025-05-14T08:06:00.560501Z","","","","",""

1738,"1","–ë–ª–∞–≥–æ–¥–∞—Ä—é —Ä–µ–±—è—Ç.","2025-05-14T08:06:03.744731Z",3829748.0,1.726,5.0,"–ù—Ä–∞–≤–∏—Ç—Å—è –∫–∞—á–µ—Å—Ç–≤–æ —Ä–∞–±–æ—Ç—ã —Å–æ—Ç—Ä—É–¥–Ω–∏–∫–æ–≤","2025-05-14T08:06:03.744731Z","","","","",""

1739,"1","–°–ø–∞—Å–∏–±–æ –±–æ–ª—å—à–æ–µ ","2025-05-14T08:06:12.523241Z",3831509.0,5.419,5.0,"{""choices"":[""–ü–æ–Ω—Ä–∞–≤–∏–ª–æ—Å—å –≤—ã–ø–æ–ª–Ω–µ–Ω–∏–µ –∑–∞—è–≤–∫–∏"",""–í–æ–ø—Ä–æ—Å —Ä–µ—à–µ–Ω""]}","2025-05-14T08:06:12.523241Z","","","","",""

1740,"1","—Å–ø–∞—Å–∏–±–æ","2025-05-14T08:06:53.550382Z",3831883.0,34.853,5.0,"{""choices"":[""–ü–æ–Ω—Ä–∞–≤–∏–ª–æ—Å—å –≤—ã–ø–æ–ª–Ω–µ–Ω–∏–µ –∑–∞—è–≤–∫–∏"",""–í–æ–ø—Ä–æ—Å —Ä–µ—à–µ–Ω""]}","2025-05-14T08:06:53.550382Z","","","","",""

1741,"1","–°–ø–∞—Å–∏–±–æ!","2025-05-14T08:07:02.557549Z",3832952.0,7.975,5.0,"{""choices"":[""–ù—Ä–∞–≤–∏—Ç—Å—è –∫–∞—á–µ—Å—Ç–≤–æ –≤—ã–ø–æ–ª–Ω–µ–Ω–∏—è –∑–∞—è–≤–∫–∏"",""–í–æ–ø—Ä–æ—Å —Ä–µ—à–µ–Ω""]}","2025-05-14T08:07:02.557549Z","","","","",""

1742,"1","–ü—Ä–æ–±–ª–µ–º–∞ —Ä–µ—à–µ–Ω–∞, —Ä—É—á–∫–∏ –Ω–∞ –æ–∫–Ω–∞ –ø–æ—Å—Ç–∞–≤–∏–ª–∏.

–°–ø–∞—Å–∏–±–æ –∑–∞ –æ–±—Ä–∞—Ç–Ω—É—é —Å–≤—è–∑—å!","2025-05-14T08:07:13.875698Z",3834081.0,8.753,5.0,"–ù—Ä–∞–≤–∏—Ç—Å—è –∫–∞—á–µ—Å—Ç–≤–æ —Ä–∞–±–æ—Ç—ã —Å–æ—Ç—Ä—É–¥–Ω–∏–∫–æ–≤","2025-05-14T08:07:13.875698Z","","","","",""

1743,"1","–ë–ª–∞–≥–æ–¥–∞—Ä—é –∑–∞ –ø—Ä–æ–¥–µ–ª–∞–Ω–Ω—É—é —Ä–∞–±–æ—Ç—É! ","2025-05-14T08:07:24.413881Z",3835748.0,9.173,5.0,"–ù—Ä–∞–≤–∏—Ç—Å—è –∫–∞—á–µ—Å—Ç–≤–æ –≤—ã–ø–æ–ª–Ω–µ–Ω–∏—è –∑–∞—è–≤–∫–∏","2025-05-14T08:07:24.413881Z","","","","",""

1744,"1","–Ω–∞–¥–µ—é—Å—å –∏ –ø—Ä–∏—á–∏–Ω—É —É—Å—Ç—Ä–∞–Ω–∏–ª–∏, –∞ —Ç–æ –ø–æ—Å–ª–µ –ø–µ—Ä–≤–æ–≥–æ –¥–æ–∂–¥—è –±—É–¥–µ—Ç —Ç–æ–∂–µ —Å–∞–º–æ–µ..","2025-05-14T08:07:34.255060Z",3835874.0,7.883,5.0,"–î—Ä—É–≥–æ–µ","2025-05-14T08:07:34.255060Z","","","","",""

1745,"1","–°–ø–∞—Å–∏–±–æ, –≤—Å—ë —á—ë—Ç–∫–æ.","2025-05-14T08:08:32.383937Z",3839647.0,16.521,5.0,"–ü–æ–Ω—Ä–∞–≤–∏–ª–æ—Å—å –≤—ã–ø–æ–ª–Ω–µ–Ω–∏–µ –∑–∞—è–≤–∫–∏","2025-05-14T08:08:32.383937Z","","","","",""

1746,"1","–ë–ª–∞–≥–æ–¥–∞—Ä—é ","2025-05-14T08:08:40.519171Z",3840353.0,5.458,5.0,"–ù—Ä–∞–≤–∏—Ç—Å—è —Å–∫–æ—Ä–æ—Å—Ç—å –æ—Ç—Ä–∞–±–æ—Ç–∫–∏ –∑–∞—è–≤–æ–∫","2025-05-14T08:08:40.519171Z","","","","",""

1747,"1","–°–ø–∞—Å–∏–±–æ –°–µ—Ä–≥–µ–π ! ))))","2025-05-14T08:08:45.549255Z",3841026.0,4.104,5.0,"–ù—Ä–∞–≤–∏—Ç—Å—è –∫–∞—á–µ—Å—Ç–≤–æ —Ä–∞–±–æ—Ç—ã —Å–æ—Ç—Ä—É–¥–Ω–∏–∫–æ–≤","2025-05-14T08:08:45.549255Z","","","","",""

1748,"1","–ú–∏—Ö–∞–∏–ª –æ—Ç–ª–∏—á–Ω—ã–π –º–∞—Å—Ç–µ—Ä —Å–≤–æ–µ–≥–æ –¥–µ–ª–∞. –°–¥–µ–ª–∞–ª –±—ã—Å—Ç—Ä–æ, —á–∏—Å—Ç–æ, –¥–∞–ª —Ä–µ–∫–æ–º–µ–Ω–¥–∞—Ü–∏–∏)","2025-05-14T08:08:51.966300Z",3842440.0,3.707,5.0,"–ù—Ä–∞–≤–∏—Ç—Å—è –∫–∞—á–µ—Å—Ç–≤–æ —Ä–∞–±–æ—Ç—ã —Å–æ—Ç—Ä—É–¥–Ω–∏–∫–æ–≤","2025-05-14T08:08:51.967300Z","","","","",""

1749,"1","—Ö–æ—Ç—å —á—Ç–æ —Ç–æ —Å–¥–µ–ª–∞–ª–∏ üëçüëè","2025-05-14T08:08:57.568301Z",3842790.0,3.811,5.0,"–ü–æ–Ω—Ä–∞–≤–∏–ª–æ—Å—å –≤—ã–ø–æ–ª–Ω–µ–Ω–∏–µ –∑–∞—è–≤–∫–∏","2025-05-14T08:08:57.568301Z","","","","",""

1750,"1","—Å–ø–∞—Å–∏–±–æ)","2025-05-14T08:09:04.966775Z",3843760.0,5.396,5.0,"{""choices"":[""–ü–æ–Ω—Ä–∞–≤–∏–ª–æ—Å—å –≤—ã–ø–æ–ª–Ω–µ–Ω–∏–µ –∑–∞—è–≤–∫–∏"",""–í–æ–ø—Ä–æ—Å —Ä–µ—à–µ–Ω""]}","2025-05-14T08:09:04.966775Z","","","","",""

1751,"1","–ø—Ä–æ—Ñ–µ—Å—Å–∏–æ–Ω–∞–ª—å–Ω–æ, –±—ã—Å—Ç—Ä–æ. –æ—á–µ–Ω—å –ø—Ä–∏—è—Ç–Ω—ã–π –º–∞—Å—Ç–µ—Ä","2025-05-14T08:09:12.865775Z",3844645.0,6.199,5.0,"–ù—Ä–∞–≤–∏—Ç—Å—è –∫–∞—á–µ—Å—Ç–≤–æ —Ä–∞–±–æ—Ç—ã —Å–æ—Ç—Ä—É–¥–Ω–∏–∫–æ–≤","2025-05-14T08:09:12.865775Z","","","","",""

1752,"1","—Å–ø–∞—Å–∏–±–æ! ","2025-05-14T08:09:17.959709Z",3846820.0,2.783,5.0,"{""choices"":[""–ù—Ä–∞–≤–∏—Ç—Å—è –∫–∞—á–µ—Å—Ç–≤–æ –≤—ã–ø–æ–ª–Ω–µ–Ω–∏—è –∑–∞—è–≤–∫–∏"",""–í–æ–ø—Ä–æ—Å —Ä–µ—à–µ–Ω""]}","2025-05-14T08:09:17.959709Z","","","","",""

1753,"1","–°–ø–∞—Å–∏–±–æ, –≤–æ–ø—Ä–æ—Å —Ä–µ—à–∏–ª–∏, –≤—Å—ë —Å—Ç–∞–ª–æ –Ω–æ—Ä–º–∞–ª—å–Ω–æ ","2025-05-14T08:09:47.678280Z",3846831.0,28.433,5.0,"–ù—Ä–∞–≤–∏—Ç—Å—è –∫–∞—á–µ—Å—Ç–≤–æ –≤—ã–ø–æ–ª–Ω–µ–Ω–∏—è –∑–∞—è–≤–∫–∏","2025-05-14T08:09:47.678280Z","","","","",""

1754,"1","–¢–∞—Ç—å—è–Ω–∞ –í–ª–∞–¥–∏–º–∏—Ä–æ–≤–Ω–∞ –±–æ–ª—å—à–æ–µ –≤–∞–º —Å–ø–∞—Å–∏–±–æ!!!! ","2025-05-14T08:10:23.582416Z",3848236.0,27.447,5.0,"–ù—Ä–∞–≤–∏—Ç—Å—è –∫–∞—á–µ—Å—Ç–≤–æ —Ä–∞–±–æ—Ç—ã —Å–æ—Ç—Ä—É–¥–Ω–∏–∫–æ–≤","2025-05-14T08:10:23.582416Z","","","","",""

1755,"1","—Å–ø–∞—Å–∏–±–æ! ","2025-05-14T08:10:28.354382Z",3850021.0,3.715,5.0,"{""choices"":[""–ü–æ–Ω—Ä–∞–≤–∏–ª–æ—Å—å –≤—ã–ø–æ–ª–Ω–µ–Ω–∏–µ –∑–∞—è–≤–∫–∏"",""–í–æ–ø—Ä–æ—Å —Ä–µ—à–µ–Ω""]}","2025-05-14T08:10:28.354382Z","","","","",""

1756,"1","—Å–ø–∞—Å–∏–±–æ –∑–∞  –±—ã—Å—Ç—Ä—ã–π –æ—Ç–≤–µ—Ç! 





","2025-05-14T08:10:48.671377Z",3850118.0,16.253,1.0,"–í–æ–ø—Ä–æ—Å —Ä–µ—à–µ–Ω","2025-05-14T08:10:48.671377Z","","","","",""

1757,"1","–û–≥—Ä–æ–º–Ω–æ–µ —Å–ø–∞—Å–∏–±–æ –≤–∞–º –æ—Ç –≤—Å–µ–≥–æ –ø–æ–¥—ä–µ–∑–¥–∞!!!   )))))","2025-05-14T08:12:18.025684Z",3852179.0,10.148,5.0,"–ü–æ–Ω—Ä–∞–≤–∏–ª–æ—Å—å –≤—ã–ø–æ–ª–Ω–µ–Ω–∏–µ –∑–∞—è–≤–∫–∏","2025-05-14T08:12:18.025684Z","","","","",""

1758,"1","—Å–ø–∞—Å–∏–±–æ!)","2025-05-14T08:12:24.053922Z",3852743.0,3.954,5.0,"{""choices"":[""–ü–æ–Ω—Ä–∞–≤–∏–ª–æ—Å—å –≤—ã–ø–æ–ª–Ω–µ–Ω–∏–µ –∑–∞—è–≤–∫–∏"",""–í–æ–ø—Ä–æ—Å —Ä–µ—à–µ–Ω""]}","2025-05-14T08:12:24.053922Z","","","","",""

1759,"1","—Å–ø–∞—Å–∏–±–æ ","2025-05-14T08:12:30.224985Z",3852975.0,4.929,5.0,"{""choices"":[""–ü–æ–Ω—Ä–∞–≤–∏–ª–æ—Å—å –≤—ã–ø–æ–ª–Ω–µ–Ω–∏–µ –∑–∞—è–≤–∫–∏"",""–í–æ–ø—Ä–æ—Å —Ä–µ—à–µ–Ω""]}","2025-05-14T08:12:30.224985Z","","","","",""

1760,"1","–í—Å–µ –æ—Ç–ª–∏—á–Ω–æ ","2025-05-14T08:12:37.845988Z",3854073.0,4.051,5.0,"–í–æ–ø—Ä–æ—Å —Ä–µ—à–µ–Ω","2025-05-14T08:12:37.845988Z","","","","",""

1761,"1","—Å–≤–µ—Ä—à–∏–ª–æ—Å—å","2025-05-14T08:12:42.632265Z",3856028.0,3.671,1.0,"–í–æ–ø—Ä–æ—Å —Ä–µ—à–µ–Ω","2025-05-14T08:12:42.632265Z","","","","",""

1762,"1","–°–ø–∞—Å–∏–±–æ –º–∞—Å—Ç–µ—Ä—É ","2025-05-14T08:12:45.793263Z",3859764.0,2.055,5.0,"–ù—Ä–∞–≤–∏—Ç—Å—è –∫–∞—á–µ—Å—Ç–≤–æ —Ä–∞–±–æ—Ç—ã —Å–æ—Ç—Ä—É–¥–Ω–∏–∫–æ–≤","2025-05-14T08:12:45.793263Z","","","","",""

1763,"1","—Å–ø–∞—Å–∏–±–æ, –í–∞–º, —Å—Ä–µ–∞–≥–∏—Ä–æ–≤–∞–ª–∏ –æ–ø–µ—Ä–∞—Ç–∏–≤–Ω–æ/–±—ã—Å—Ç—Ä–æ, –∞ —Ç–∞–∫ –∂–µ –≤—Å—ë –≤—Ä–µ–º—è –±—ã–ª–∏ –Ω–∞ —Å–≤—è–∑–∏ü§ù","2025-05-14T08:13:59.668247Z",3859780.0,51.387,5.0,"–ù—Ä–∞–≤–∏—Ç—Å—è —Å–∫–æ—Ä–æ—Å—Ç—å –æ—Ç—Ä–∞–±–æ—Ç–∫–∏ –∑–∞—è–≤–æ–∫","2025-05-14T08:13:59.668247Z","","","","",""

1764,"1","–°—Ä–µ–∞–≥–∏—Ä–æ–≤–∞–ª–∏ –±—ã—Å—Ç—Ä–æ, –±–ª–∞–≥–æ–¥–∞—Ä—é ","2025-05-14T08:14:05.502436Z",3860248.0,3.236,5.0,"–í–æ–ø—Ä–æ—Å —Ä–µ—à–µ–Ω","2025-05-14T08:14:05.502436Z","","","","",""

1765,"1","–°–ø–∞—Å–∏–±–æ –∑–∞ –æ–ø–µ—Ä–∞—Ç–∏–≤–Ω–æ—Å—Ç—å!","2025-05-14T08:14:13.002832Z",3860900.0,5.91,5.0,"–ü–æ–Ω—Ä–∞–≤–∏–ª–æ—Å—å –≤—ã–ø–æ–ª–Ω–µ–Ω–∏–µ –∑–∞—è–≤–∫–∏","2025-05-14T08:14:13.002832Z","","","","",""

1766,"1","–û—Ç–ª–∏—á–Ω—ã–π –º–∞—Å—Ç–µ—Ä!","2025-05-14T08:14:20.976752Z",3862448.0,6.006,5.0,"–ù—Ä–∞–≤–∏—Ç—Å—è –∫–∞—á–µ—Å—Ç–≤–æ —Ä–∞–±–æ—Ç—ã —Å–æ—Ç—Ä—É–¥–Ω–∏–∫–æ–≤","2025-05-14T08:14:20.976752Z","","","","",""

1767,"1","–°–ø–∞—Å–∏–±–æ! –ü–æ –∫—Ä–∞–π–Ω–µ–π –º–µ—Ä–µ, –ø–æ –Ω–æ—á–∞–º –ø–æ–∫–∞ —à—É–º–∞ –Ω–µ —Å–ª—ã—à–Ω–æ.","2025-05-14T08:14:27.767995Z",3863351.0,5.14,5.0,"–í–æ–ø—Ä–æ—Å —Ä–µ—à–µ–Ω","2025-05-14T08:14:27.767995Z","","","","",""

1768,"1","–ë—ã—Å—Ç—Ä–æ ","2025-05-14T08:14:35.177275Z",3863609.0,3.983,5.0,"–ù—Ä–∞–≤–∏—Ç—Å—è –∫–∞—á–µ—Å—Ç–≤–æ –≤—ã–ø–æ–ª–Ω–µ–Ω–∏—è –∑–∞—è–≤–∫–∏","2025-05-14T08:14:35.177275Z","","","","",""

1769,"1","–°–ø–∞—Å–∏–±–æ –∑–∞ —Å–≤–æ–µ–≤—Ä–µ–º–µ–Ω–Ω–æ–µ –≤—ã–ø–æ–ª–Ω–µ–Ω–∏–µ –∑–∞—è–≤–∫–∏...","2025-05-14T08:14:50.248506Z",3866829.0,12.969,5.0,"–ù—Ä–∞–≤–∏—Ç—Å—è –∫–∞—á–µ—Å—Ç–≤–æ –≤—ã–ø–æ–ª–Ω–µ–Ω–∏—è –∑–∞—è–≤–∫–∏","2025-05-14T08:14:50.248506Z","","","","",""

1770,"1","–≤—Å–µ —Å–¥–µ–ª–∞–ª–∏ –±—ã—Å—Ç—Ä–æ. —Å–ø–∞—Å–∏–±–æ ","2025-05-14T08:15:04.967259Z",3866867.0,13.866,5.0,"–ü–æ–Ω—Ä–∞–≤–∏–ª–æ—Å—å –≤—ã–ø–æ–ª–Ω–µ–Ω–∏–µ –∑–∞—è–≤–∫–∏","2025-05-14T08:15:04.967259Z","","","","",""

1771,"1","–≤—Å—ë –æ—Ç–ª–∏—á–Ω–æ üëç","2025-05-14T08:16:09.737375Z",3868883.0,2.428,5.0,"–í–æ–ø—Ä–æ—Å —Ä–µ—à–µ–Ω","2025-05-14T08:16:09.737375Z","","","","",""

1772,"1","–°–ø–∞—Å–∏–±–æ ","2025-05-14T08:16:14.761799Z",3871379.0,3.697,5.0,"{""choices"":[""–ü–æ–Ω—Ä–∞–≤–∏–ª–æ—Å—å –≤—ã–ø–æ–ª–Ω–µ–Ω–∏–µ –∑–∞—è–≤–∫–∏"",""–í–æ–ø—Ä–æ—Å —Ä–µ—à–µ–Ω""]}","2025-05-14T08:16:14.761799Z","","","","",""

1773,"1","–ë–æ–ª—å—à–æ–µ —Å–ø–∞—Å–∏–±–æ –ê–ª–µ–∫—Å–∞–Ω–¥—Ä—É,–∑–∞ –æ–ø–µ—Ä–∞—Ç–∏–≤–Ω–æ—Å—Ç—å –∏ –ø—Ä–æ—Ñ–µ—Å—Å–∏–æ–Ω–∞–ª–∏–∑–º ","2025-05-14T08:16:22.845065Z",3872124.0,4.312,5.0,"–ù—Ä–∞–≤–∏—Ç—Å—è –∫–∞—á–µ—Å—Ç–≤–æ —Ä–∞–±–æ—Ç—ã —Å–æ—Ç—Ä—É–¥–Ω–∏–∫–æ–≤","2025-05-14T08:16:22.845065Z","","","","",""

1774,"1","–±–ª–∞–≥–æ–¥–∞—Ä—é ","2025-05-14T08:16:49.285856Z",3872129.0,23.692,5.0,"–í–æ–ø—Ä–æ—Å —Ä–µ—à–µ–Ω","2025-05-14T08:16:49.285856Z","","","","",""

1775,"1","–æ–ø–µ—Ä–∞—Ç–∏–≤–Ω–æ –∏ –∫–∞—á–µ—Å—Ç–≤–µ–Ω–Ω–æ. —Å–ø–∞—Å–∏–±–æ ","2025-05-14T08:16:55.185856Z",3873692.0,4.967,5.0,"–ù—Ä–∞–≤–∏—Ç—Å—è –∫–∞—á–µ—Å—Ç–≤–æ –≤—ã–ø–æ–ª–Ω–µ–Ω–∏—è –∑–∞—è–≤–∫–∏","2025-05-14T08:16:55.185856Z","","","","",""

1776,"1","–°–ø–∞—Å–∏–±–æ!","2025-05-14T08:17:01.992087Z",3874941.0,4.695,5.0,"{""choices"":[""–ü–æ–Ω—Ä–∞–≤–∏–ª–æ—Å—å –≤—ã–ø–æ–ª–Ω–µ–Ω–∏–µ –∑–∞—è–≤–∫–∏"",""–í–æ–ø—Ä–æ—Å —Ä–µ—à–µ–Ω""]}","2025-05-14T08:17:01.992087Z","","","","",""

1777,"1","–±–ª–∞–≥–æ–¥–∞—Ä—é, –≤—Å–µ–≥–æ –¥–æ–±—Ä–æ–≥–æ!","2025-05-14T08:17:21.895651Z",3875262.0,17.947,5.0,"–ü–æ–Ω—Ä–∞–≤–∏–ª–æ—Å—å –≤—ã–ø–æ–ª–Ω–µ–Ω–∏–µ –∑–∞—è–≤–∫–∏","2025-05-14T08:17:21.895651Z","","","","",""

1778,"1","—Å–ø–∞—Å–∏–±–æ","2025-05-14T08:17:29.628840Z",3876790.0,3.69,5.0,"{""choices"":[""–ü–æ–Ω—Ä–∞–≤–∏–ª–æ—Å—å –≤—ã–ø–æ–ª–Ω–µ–Ω–∏–µ –∑–∞—è–≤–∫–∏"",""–í–æ–ø—Ä–æ—Å —Ä–µ—à–µ–Ω""]}","2025-05-14T08:17:29.628840Z","","","","",""

1779,"1","–°–ø–∞—Å–∏–±–æ ","2025-05-14T08:17:33.490840Z",3876998.0,2.701,5.0,"{""choices"":[""–ü–æ–Ω—Ä–∞–≤–∏–ª–æ—Å—å –≤—ã–ø–æ–ª–Ω–µ–Ω–∏–µ –∑–∞—è–≤–∫–∏"",""–í–æ–ø—Ä–æ—Å —Ä–µ—à–µ–Ω""]}","2025-05-14T08:17:33.490840Z","","","","",""

1780,"1","–°–ø–∞—Å–∏–±–æ –±–æ–ª—å—à–æ–µ! ","2025-05-14T08:18:32.887425Z",3877186.0,4.516,5.0,"{""choices"":[""–ü–æ–Ω—Ä–∞–≤–∏–ª–æ—Å—å –≤—ã–ø–æ–ª–Ω–µ–Ω–∏–µ –∑–∞—è–≤–∫–∏"",""–í–æ–ø—Ä–æ—Å —Ä–µ—à–µ–Ω""]}","2025-05-14T08:18:32.887425Z","","","","",""

1781,"1","–°–ø–∞—Å–∏–±–æ!","2025-05-14T08:18:52.747241Z",3877315.0,18.627,5.0,"{""choices"":[""–ü–æ–Ω—Ä–∞–≤–∏–ª–æ—Å—å –≤—ã–ø–æ–ª–Ω–µ–Ω–∏–µ –∑–∞—è–≤–∫–∏"",""–í–æ–ø—Ä–æ—Å —Ä–µ—à–µ–Ω""]}","2025-05-14T08:18:52.747241Z","","","","",""

1782,"1","–ö –º–∞—Å—Ç–µ—Ä—É –≤–æ–ø—Ä–æ—Å–æ–≤ –Ω–µ—Ç.  ","2025-05-14T08:18:59.639240Z",3877334.0,4.199,3.0,"–í–æ–ø—Ä–æ—Å —Ä–µ—à–µ–Ω","2025-05-14T08:18:59.639240Z","","","","",""

1783,"1","–ú–∞—Å—Ç–µ—Ä –±—ã—Å—Ç—Ä–æ —Ä–µ—à–∏–ª –ø—Ä–æ–±–ª–µ–º—É!–í—Å—ë –∏—Å–ø—Ä–∞–≤–∏–ª,–æ—á–µ–Ω—å –¥–æ–≤–æ–ª—å–Ω–∞!–°–ø–∞—Å–∏–±–æ!","2025-05-14T08:19:05.055743Z",3877901.0,2.98,5.0,"–ù—Ä–∞–≤–∏—Ç—Å—è –∫–∞—á–µ—Å—Ç–≤–æ —Ä–∞–±–æ—Ç—ã —Å–æ—Ç—Ä—É–¥–Ω–∏–∫–æ–≤","2025-05-14T08:19:05.055743Z","","","","",""

1784,"1","–≤—ã—Ç—è–∂–∫–∞ –∑–∞—Ä–∞–±–æ—Ç–∞–ª–∞ - —Å–ø–∞—Å–∏–±–æ. –æ—Ç–¥–µ–ª—å–Ω–æ–µ —Å–ø–∞—Å–∏–±–æ –º–∞—Å—Ç–µ—Ä—É, –∫–æ—Ç–æ—Ä—ã–π —Å–æ–æ–±—â–∏–ª, —á—Ç–æ –Ω–µ—Ç –ø—Ä–∏—á–∏–Ω, –ø—Ä–µ–ø—è—Ç—Å—Ç–≤—É—é—â–∏—Ö –ø–æ–¥–∫–ª—é—á–µ–Ω–∏—é –≤—ã—Ç—è–∂–∫–∏ –∫ –¥–æ–º–æ–≤–æ–π –≤–µ–Ω—Ç–∏–ª—è—Ü–∏–∏ ","2025-05-14T08:19:10.404588Z",3878088.0,2.525,5.0,"–ù—Ä–∞–≤–∏—Ç—Å—è –∫–∞—á–µ—Å—Ç–≤–æ —Ä–∞–±–æ—Ç—ã —Å–æ—Ç—Ä—É–¥–Ω–∏–∫–æ–≤","2025-05-14T08:19:10.404588Z","","","","",""

1785,"1","—Å–ø–∞—Å–∏–±–æ –±–æ–ª—å—à–æ–µ! –Ω–∞–¥–æ–ª–≥–æ –ª–∏üôÑ","2025-05-14T08:19:16.695591Z",3878555.0,3.793,5.0,"–í–æ–ø—Ä–æ—Å —Ä–µ—à–µ–Ω","2025-05-14T08:19:16.695591Z","","","","",""

1786,"1","–û–≥—Ä–æ–º–Ω–æ–µ —Å–ø–∞—Å–∏–±–æ! ","2025-05-14T08:19:24.497590Z",3878808.0,5.893,5.0,"–ü–æ–Ω—Ä–∞–≤–∏–ª–æ—Å—å –≤—ã–ø–æ–ª–Ω–µ–Ω–∏–µ –∑–∞—è–≤–∫–∏","2025-05-14T08:19:24.497590Z","","","","",""

1787,"1","–í—Å—ë –æ—á–µ–Ω—å —á–µ—Ç–∫–æ –æ—Ä–≥–∞–Ω–∏–∑–æ–≤–∞–Ω–æ! –ë–æ–ª—å—à–æ–µ —Å–ø–∞—Å–∏–±–æ –∑–∞ —Ä–∞–±–æ—Ç—É!","2025-05-14T08:22:30.616081Z",3879856.0,87.908,5.0,"–ù—Ä–∞–≤–∏—Ç—Å—è —Å–∫–æ—Ä–æ—Å—Ç—å –æ—Ç—Ä–∞–±–æ—Ç–∫–∏ –∑–∞—è–≤–æ–∫","2025-05-14T08:22:30.616081Z","","","","",""

1788,"1","–°–ø–∞—Å–∏–±–æ –í–∞–º –±–æ–ª—å—à–æ–µ –∏ –∑–∞ –¥–≤–µ—Ä—å –∏ –∑–∞ –Ω–æ–º–µ—Ä–∞ –∫–≤–∞—Ä—Ç–∏—Ä!","2025-05-14T08:22:45.161487Z",3880345.0,13.139,5.0,"–ù—Ä–∞–≤–∏—Ç—Å—è –∫–∞—á–µ—Å—Ç–≤–æ –≤—ã–ø–æ–ª–Ω–µ–Ω–∏—è –∑–∞—è–≤–∫–∏","2025-05-14T08:22:45.161487Z","","","","",""

1789,"1","—Å–Ω–∏–º–∞—é –∑–≤–µ–∑–¥—É –∑–∞ –ø–µ—Ä–≤—É—é –æ—Ç–ø–∏—Å–∫—É –±–µ–∑ –≤—ã–ø–æ–ª–Ω–µ–Ω–∏—è —Ä–∞–±–æ—Ç","2025-05-14T08:22:53.766876Z",3880717.0,3.19,3.0,"–î—Ä—É–≥–æ–µ","2025-05-14T08:22:53.766876Z","","","","",""

1790,"1","–í –¥–µ–Ω—å —Å–æ–∑–¥–∞–Ω–∏—è –∑–∞—è–≤–∫–∏ , —Ä–∞–±–æ—á–∏–µ –æ–ø–µ—Ä–∞—Ç–∏–≤–Ω–æ –ø—Ä–∏—à–ª–∏ –∏ –≤–µ—Å—å —É–∂–∞—Å —É–±—Ä–∞–ª–∏ , –æ–≥—Ä–æ–º–Ω–∞—è –±–ª–∞–≥–æ–¥–∞—Ä–Ω–æ—Å—Ç—å ! ","2025-05-14T08:23:04.847967Z",3881004.0,8.801,5.0,"–ù—Ä–∞–≤–∏—Ç—Å—è –∫–∞—á–µ—Å—Ç–≤–æ —Ä–∞–±–æ—Ç—ã —Å–æ—Ç—Ä—É–¥–Ω–∏–∫–æ–≤","2025-05-14T08:23:04.847967Z","","","","",""

1791,"1","–°–ø–∞—Å–∏–±–æ!","2025-05-14T08:23:09.529025Z",3881432.0,2.862,5.0,"{""choices"":[""–ü–æ–Ω—Ä–∞–≤–∏–ª–æ—Å—å –≤—ã–ø–æ–ª–Ω–µ–Ω–∏–µ –∑–∞—è–≤–∫–∏"",""–í–æ–ø—Ä–æ—Å —Ä–µ—à–µ–Ω""]}","2025-05-14T08:23:09.529025Z","","","","",""

1792,"1","–°–ø–∞—Å–∏–±–æ! –í—Å–µ –∑–∞—Ä–∞–±–æ—Ç–∞–ª–æ ","2025-05-14T08:23:17.680113Z",3881460.0,6.906,5.0,"–ü–æ–Ω—Ä–∞–≤–∏–ª–æ—Å—å –≤—ã–ø–æ–ª–Ω–µ–Ω–∏–µ –∑–∞—è–≤–∫–∏","2025-05-14T08:23:17.680113Z","","","","",""

1793,"1","—Å–ø–∞—Å–∏–±–æ, —Ä–µ—à–∏–ª–∏ –º–æ–π –≤–æ–ø—Ä–æ—Å –Ω–∞ –º–µ—Å—Ç–µ –≤ –æ—Ñ–∏—Å–µ ","2025-05-14T08:23:24.473669Z",3881636.0,5.169,5.0,"–ù—Ä–∞–≤–∏—Ç—Å—è —Å–∫–æ—Ä–æ—Å—Ç—å –æ—Ç—Ä–∞–±–æ—Ç–∫–∏ –∑–∞—è–≤–æ–∫","2025-05-14T08:23:24.473669Z","","","","",""

1794,"1","–°–ø–∞—Å–∏–±–æ –±–æ–ª—å—à–µ –û–ª—å–≥–µ –ü—Ç—É—à–∫–∏–Ω–µ, –∑–∞ –ø—Ä–æ–¥–µ–ª–∞–Ω–Ω—É—é —Ä–∞–±–æ—Ç—É! ","2025-05-14T08:23:30.356725Z",3882840.0,3.277,5.0,"–ù—Ä–∞–≤–∏—Ç—Å—è –∫–∞—á–µ—Å—Ç–≤–æ —Ä–∞–±–æ—Ç—ã —Å–æ—Ç—Ä—É–¥–Ω–∏–∫–æ–≤","2025-05-14T08:23:30.356725Z","","","","",""

1795,"1","–°–ø–∞—Å–∏–±–æ ","2025-05-14T08:23:38.550725Z",3883049.0,6.182,5.0,"{""choices"":[""–ü–æ–Ω—Ä–∞–≤–∏–ª–æ—Å—å –≤—ã–ø–æ–ª–Ω–µ–Ω–∏–µ –∑–∞—è–≤–∫–∏"",""–í–æ–ø—Ä–æ—Å —Ä–µ—à–µ–Ω""]}","2025-05-14T08:23:38.550725Z","","","","",""

1796,"1","–≤—Å—ë —Å–¥–µ–ª–∞–ª–∏ —Ö–æ—Ä–æ—à–æ, –ø–æ—á–∏–Ω–∏–ª–∏ –≤–æ–≤—Ä–µ–º—è. –Ω–∞–≤–µ—Ä–Ω–æ–µ, –º–æ–ª–æ–¥—Ü—ã.","2025-05-14T08:23:48.596288Z",3883200.0,9.042,5.0,"–ü–æ–Ω—Ä–∞–≤–∏–ª–æ—Å—å –≤—ã–ø–æ–ª–Ω–µ–Ω–∏–µ –∑–∞—è–≤–∫–∏","2025-05-14T08:23:48.597290Z","","","","",""

1797,"1","–°–ø–∞—Å–∏–±–æ","2025-05-14T08:23:55.025353Z",3883457.0,2.471,5.0,"{""choices"":[""–ü–æ–Ω—Ä–∞–≤–∏–ª–æ—Å—å –≤—ã–ø–æ–ª–Ω–µ–Ω–∏–µ –∑–∞—è–≤–∫–∏"",""–í–æ–ø—Ä–æ—Å —Ä–µ—à–µ–Ω""]}","2025-05-14T08:23:55.026349Z","","","","",""

1798,"1","–°—É–ø–µ—Ä! –°–ø–∞—Å–∏–±–æ!","2025-05-14T08:23:59.956282Z",3883549.0,2.813,5.0,"–í–æ–ø—Ä–æ—Å —Ä–µ—à–µ–Ω","2025-05-14T08:23:59.956282Z","","","","",""

1799,"1","–û—Ç–ª–∏—á–Ω–æ! –í—Å–µ –≤—ã–ø–æ–ª–Ω–∏–ª–∏ –∫–∞–∫ –∏ –æ–±–µ—â–∞–ª–∏! ","2025-05-14T08:24:19.669032Z",3883658.0,18.253,5.0,"–ù—Ä–∞–≤–∏—Ç—Å—è –∫–∞—á–µ—Å—Ç–≤–æ –≤—ã–ø–æ–ª–Ω–µ–Ω–∏—è –∑–∞—è–≤–∫–∏","2025-05-14T08:24:19.669032Z","","","","",""

1800,"1","–û—á–µ–Ω—å –æ–ø–µ—Ä–∞—Ç–∏–≤–Ω–æ. –°–ø–∞—Å–∏–±–æ –±–æ–ª—å—à–æ–µ ","2025-05-14T08:24:27.735130Z",3883736.0,5.66,5.0,"–ü–æ–Ω—Ä–∞–≤–∏–ª–æ—Å—å –≤—ã–ø–æ–ª–Ω–µ–Ω–∏–µ –∑–∞—è–≤–∫–∏","2025-05-14T08:24:27.735130Z","","","","",""

1801,"1","–ú–∞—Å—Ç–µ—Ä –ê–Ω–¥—Ä–µ–π –ø–æ–º–æ–≥ –ø–æ–¥–æ–±—Ä–∞—Ç—å –æ–±–æ—Ä—É–¥–æ–≤–∞–Ω–∏–µ (–∫—Ä–∞–Ω—ã/–ø–µ—Ä–µ—Ö–æ–¥–Ω–∏–∫–∏) –¥–ª—è –ø–æ–¥–∫–ª—é—á–µ–Ω–∏—è, –±—ã—Å—Ç—Ä–æ –∏ –∫–∞—á–µ—Å—Ç–≤–µ–Ω–Ω–æ –ø—Ä–æ–∏–∑–≤–µ–ª –ø–æ–¥–∫–ª—é—á–µ–Ω–∏–µ —Å—Ç–∏—Ä–∞–ª—å–Ω–æ–π –º–∞—à–∏–Ω–∫–∏. –û–≥—Ä–æ–º–Ω–æ–µ –µ–º—É —Å–ø–∞—Å–∏–±–æ.","2025-05-14T08:24:35.312540Z",3883745.0,5.727,5.0,"–ù—Ä–∞–≤–∏—Ç—Å—è –∫–∞—á–µ—Å—Ç–≤–æ —Ä–∞–±–æ—Ç—ã —Å–æ—Ç—Ä—É–¥–Ω–∏–∫–æ–≤","2025-05-14T08:24:35.312540Z","","","","",""

1802,"1","–°–ø–∞—Å–∏–±–æ","2025-05-14T08:24:42.323547Z",3883823.0,5.813,5.0,"{""choices"":[""–ü–æ–Ω—Ä–∞–≤–∏–ª–æ—Å—å –≤—ã–ø–æ–ª–Ω–µ–Ω–∏–µ –∑–∞—è–≤–∫–∏"",""–í–æ–ø—Ä–æ—Å —Ä–µ—à–µ–Ω""]}","2025-05-14T08:24:42.323547Z","","","","",""

1803,"1","–°–ø–∞—Å–∏–±–æ ","2025-05-14T08:26:18.283643Z",3884705.0,14.55,5.0,"{""choices"":[""–ü–æ–Ω—Ä–∞–≤–∏–ª–æ—Å—å –≤—ã–ø–æ–ª–Ω–µ–Ω–∏–µ –∑–∞—è–≤–∫–∏"",""–í–æ–ø—Ä–æ—Å —Ä–µ—à–µ–Ω""]}","2025-05-14T08:26:18.283643Z","","","","",""

1804,"1","–£–º–µ–ª–æ –ø–æ–¥–∫—Ä—É—Ç–∏–ª–∏ —Ä–µ–¥—É–∫—Ç–æ—Ä—ã –¥–∞–≤–ª–µ–Ω–∏—è. –ú–æ–ª–æ–¥–µ—Ü!","2025-05-14T08:26:33.673701Z",3884964.0,12.832,5.0,"–ù—Ä–∞–≤–∏—Ç—Å—è –∫–∞—á–µ—Å—Ç–≤–æ –≤—ã–ø–æ–ª–Ω–µ–Ω–∏—è –∑–∞—è–≤–∫–∏","2025-05-14T08:26:33.673701Z","","","","",""

1805,"1","–≤—Å–µ —Ö–æ—Ä–æ—à–æ,–¥–≤–µ—Ä—å –ø—Ä–∞–∫—Ç–∏—á–µ—Å–∫–∏ –±–µ—Å—à—É–º–Ω–æ –∑–∞–∫—Ä—ã–≤–∞–µ—Ç—Å—è","2025-05-14T08:26:40.564977Z",3885089.0,4.815,5.0,"–ù—Ä–∞–≤–∏—Ç—Å—è –∫–∞—á–µ—Å—Ç–≤–æ –≤—ã–ø–æ–ª–Ω–µ–Ω–∏—è –∑–∞—è–≤–∫–∏","2025-05-14T08:26:40.564977Z","","","","",""

1806,"1","–°–ø–∞—Å–∏–±–æ ","2025-05-14T08:26:47.246102Z",3885291.0,4.783,5.0,"{""choices"":[""–ü–æ–Ω—Ä–∞–≤–∏–ª–æ—Å—å –≤—ã–ø–æ–ª–Ω–µ–Ω–∏–µ –∑–∞—è–≤–∫–∏"",""–í–æ–ø—Ä–æ—Å —Ä–µ—à–µ–Ω""]}","2025-05-14T08:26:47.246102Z","","","","",""

1807,"1","–ø—Ä–æ–±–ª–µ–º—ã –∫–∞–∫ —Ç–∞–∫–æ–≤–æ–π –Ω–µ –±—ã–ª–æ, —è –≤ –ø—Ä–æ—Ü–µ—Å—Å–µ –ø–æ–∏—Å–∫–∞ —Å—Ç—Ä–∞—Ö –∫–æ–º–ø–∞–Ω–∏–∏ –∏ –≤—Å–µ–≥–æ –ª–∏—à—å. –°–ø–∞—Å–∏–±–æ —Å–æ—Ç—Ä—É–¥–Ω–∏–∫–∞–º","2025-05-14T08:27:01.013848Z",3886150.0,11.446,5.0,"–ü–æ–Ω—Ä–∞–≤–∏–ª–æ—Å—å –≤—ã–ø–æ–ª–Ω–µ–Ω–∏–µ –∑–∞—è–≤–∫–∏","2025-05-14T08:27:01.013848Z","","","","",""

1808,"1","–±—ã—Å—Ç—Ä–æ, —á—ë—Ç–∫–æ, –±–µ–∑ –ø—Ä–æ–±–ª–µ–º. –æ–¥–Ω–æ —Å–ª–æ–≤–æ - –º–∞—Å—Ç–µ—Ä! ","2025-05-14T08:27:10.323918Z",3886231.0,6.336,5.0,"–ü–æ–Ω—Ä–∞–≤–∏–ª–æ—Å—å –≤—ã–ø–æ–ª–Ω–µ–Ω–∏–µ –∑–∞—è–≤–∫–∏","2025-05-14T08:27:10.323918Z","","","","",""

1809,"1","–†–∞–±–æ—Ç–∞–µ—Ç. –°–ø–∞—Å–∏–±–æ!","2025-05-14T08:27:31.687560Z",3886721.0,19.497,5.0,"–í–æ–ø—Ä–æ—Å —Ä–µ—à–µ–Ω","2025-05-14T08:27:31.687560Z","","","","",""

1810,"1","—Å–µ–≥–æ–¥–Ω—è –µ–∑–¥–∏–ª, –≤—Å–µ –∏—Å–ø—Ä–∞–≤–Ω–æ —Ä–∞–±–æ—Ç–∞–µ—Ç, —Å–ø–∞—Å–∏–±–æ!","2025-05-14T08:27:40.483593Z",3886923.0,7.095,5.0,"–ü–æ–Ω—Ä–∞–≤–∏–ª–æ—Å—å –≤—ã–ø–æ–ª–Ω–µ–Ω–∏–µ –∑–∞—è–≤–∫–∏","2025-05-14T08:27:40.483593Z","","","","",""

1811,"1","–°–ø–∞—Å–∏–±–æ –±–æ–ª—å—à–æ–µ, –≤—Å—ë –ø–æ–Ω—è—Ç–Ω–æ.","2025-05-14T08:28:02.352758Z",3886937.0,19.469,5.0,"–í–æ–ø—Ä–æ—Å —Ä–µ—à–µ–Ω","2025-05-14T08:28:02.352758Z","","","","",""

1812,"1","–¢–∞—Ç—å—è–Ω–∞ —Å–ø–∞—Å–∏–±–æ ‚ù§Ô∏è","2025-05-14T08:28:06.147749Z",3887002.0,3.096,5.0,"–ù—Ä–∞–≤–∏—Ç—Å—è –∫–∞—á–µ—Å—Ç–≤–æ —Ä–∞–±–æ—Ç—ã —Å–æ—Ç—Ä—É–¥–Ω–∏–∫–æ–≤","2025-05-14T08:28:06.147749Z","","","","",""

1813,"1","–ù–∞ –≤–æ–ø—Ä–æ—Å –æ—Ç–≤–µ—Ç–∏–ª–∏. –ö—Ä–µ–ø–ª–µ–Ω–∏—è –Ω–µ–ª—å–∑—è –ø–æ–≤–µ—Å–∏—Ç—å –≤ –∫–æ–ª—è—Å–æ—á–Ω–æ–π","2025-05-14T08:28:19.500057Z",3887203.0,8.732,5.0,"–î—Ä—É–≥–æ–µ","2025-05-14T08:28:19.500057Z","","","","",""

1814,"1","–ë–æ–ª—å—à–æ–µ —Å–ø–∞—Å–∏–±–æ!","2025-05-14T08:28:35.184231Z",3887228.0,11.849,5.0,"–í–æ–ø—Ä–æ—Å —Ä–µ—à–µ–Ω","2025-05-14T08:28:35.184231Z","","","","",""

1815,"1","–õ—É—á—à–∏–π ","2025-05-14T08:42:49.219423Z",3887353.0,846.669,5.0,"–í–æ–ø—Ä–æ—Å —Ä–µ—à–µ–Ω","2025-05-14T08:42:49.219423Z","","","","",""

1816,"1","—Å–ø–∞—Å–∏–±–æ –∑–∞ –æ–ø–µ—Ä–∞—Ç–∏–≤–Ω–æ—Å—Ç—å ","2025-05-14T08:44:06.177803Z",3887358.0,74.186,5.0,"–ü–æ–Ω—Ä–∞–≤–∏–ª–æ—Å—å –≤—ã–ø–æ–ª–Ω–µ–Ω–∏–µ –∑–∞—è–≤–∫–∏","2025-05-14T08:44:06.177803Z","","","","",""

1817,"1","—Å–ø–∞—Å–∏–±–æ ","2025-05-14T08:44:23.944767Z",3887389.0,10.543,5.0,"{""choices"":[""–ü–æ–Ω—Ä–∞–≤–∏–ª–æ—Å—å –≤—ã–ø–æ–ª–Ω–µ–Ω–∏–µ –∑–∞—è–≤–∫–∏"",""–í–æ–ø—Ä–æ—Å —Ä–µ—à–µ–Ω""]}","2025-05-14T08:44:23.944767Z","","","","",""

1818,"1","—Å–ø–∞—Å–∏–±–æ –∑–∞ —Ç–æ —á—Ç–æ –±—ã—Å—Ç—Ä–æ –æ—Ç—Ä–µ–∞–≥–∏—Ä–æ–≤–∞–ª–∏","2025-05-14T08:44:30.056699Z",3887392.0,4.745,5.0,"–ù—Ä–∞–≤–∏—Ç—Å—è —Å–∫–æ—Ä–æ—Å—Ç—å –æ—Ç—Ä–∞–±–æ—Ç–∫–∏ –∑–∞—è–≤–æ–∫","2025-05-14T08:44:30.056699Z","","","","",""

1819,"1","–°–µ—Ä–≤–∏—Å –Ω–∞ –≤—ã—Å–æ—Ç–µ, –º–∞—Å—Ç–µ—Ä - –ø—Ä–æ—Ñ–µ—Å—Å–∏–æ–Ω–∞–ª","2025-05-14T08:44:37.325699Z",3887422.0,4.576,5.0,"–ù—Ä–∞–≤–∏—Ç—Å—è –∫–∞—á–µ—Å—Ç–≤–æ —Ä–∞–±–æ—Ç—ã —Å–æ—Ç—Ä—É–¥–Ω–∏–∫–æ–≤","2025-05-14T08:44:37.325699Z","","","","",""

1820,"1","—Å–ø–∞—Å–∏–±–æ","2025-05-14T08:45:13.009005Z",3887496.0,4.229,5.0,"{""choices"":[""–ü–æ–Ω—Ä–∞–≤–∏–ª–æ—Å—å –≤—ã–ø–æ–ª–Ω–µ–Ω–∏–µ –∑–∞—è–≤–∫–∏"",""–í–æ–ø—Ä–æ—Å —Ä–µ—à–µ–Ω""]}","2025-05-14T08:45:13.009005Z","","","","",""

1821,"1","—Å–ø–∞—Å–∏–±–æ –±–æ–ª—å—à–æ–µ","2025-05-14T08:45:17.743937Z",3887525.0,3.616,5.0,"{""choices"":[""–ü–æ–Ω—Ä–∞–≤–∏–ª–æ—Å—å –≤—ã–ø–æ–ª–Ω–µ–Ω–∏–µ –∑–∞—è–≤–∫–∏"",""–í–æ–ø—Ä–æ—Å —Ä–µ—à–µ–Ω""]}","2025-05-14T08:45:17.743937Z","","","","",""

1822,"1","–æ–∫ ","2025-05-14T08:45:23.352937Z",3887606.0,1.808,1.0,"–í–æ–ø—Ä–æ—Å —Ä–µ—à–µ–Ω","2025-05-14T08:45:23.352937Z","","","","",""

1823,"1","–ù–∞–¥–æ–ª–≥–æ –ª–∏(","2025-05-14T08:45:26.686938Z",3887614.0,2.06,2.0,"–î—Ä—É–≥–æ–µ","2025-05-14T08:45:26.686938Z","","","","",""

1824,"1","–ù–∞–¥–æ–ª–≥–æ –ª–∏(","2025-05-14T08:45:30.477016Z",3887616.0,1.662,2.0,"–î—Ä—É–≥–æ–µ","2025-05-14T08:45:30.477016Z","","","","",""

1825,"1","–°–ø–∞—Å–∏–±–æ. –í—Å–µ —Ä–∞–±–æ—Ç–∞–µ—Ç","2025-05-14T08:45:35.791018Z",3887743.0,3.944,5.0,"–í–æ–ø—Ä–æ—Å —Ä–µ—à–µ–Ω","2025-05-14T08:45:35.791018Z","","","","",""

1826,"1","–°–ø–∞—Å–∏–±–æ –±–æ–ª—å—à–æ–µ!","2025-05-14T08:45:40.124090Z",3887791.0,2.34,5.0,"{""choices"":[""–ü–æ–Ω—Ä–∞–≤–∏–ª–æ—Å—å –≤—ã–ø–æ–ª–Ω–µ–Ω–∏–µ –∑–∞—è–≤–∫–∏"",""–í–æ–ø—Ä–æ—Å —Ä–µ—à–µ–Ω""]}","2025-05-14T08:45:40.124090Z","","","","",""

1827,"1","–°–ø–∞—Å–∏–±–æ!","2025-05-14T08:45:44.085100Z",3887832.0,1.892,5.0,"{""choices"":[""–ü–æ–Ω—Ä–∞–≤–∏–ª–æ—Å—å –≤—ã–ø–æ–ª–Ω–µ–Ω–∏–µ –∑–∞—è–≤–∫–∏"",""–í–æ–ø—Ä–æ—Å —Ä–µ—à–µ–Ω""]}","2025-05-14T08:45:44.085100Z","","","","",""

1828,"1","–∑–∞—è–≤–∫–∞ –≤—ã–ø–æ–ª–Ω–µ–Ω–∞, —Å–ø–∞—Å–∏–±–æ.","2025-05-14T08:45:50.410019Z",3887844.0,4.43,5.0,"–ù—Ä–∞–≤–∏—Ç—Å—è —Å–∫–æ—Ä–æ—Å—Ç—å –æ—Ç—Ä–∞–±–æ—Ç–∫–∏ –∑–∞—è–≤–æ–∫","2025-05-14T08:45:50.410019Z","","","","",""

1829,"1","–î–≤–µ—Ä—å –∑–∞–∫—Ä—ã–≤–∞–µ—Ç—Å—è –Ω–∞–º–Ω–æ–≥–æ –ª—É—á—à–µ.","2025-05-14T08:46:05.435225Z",3887922.0,13.542,5.0,"–í–æ–ø—Ä–æ—Å —Ä–µ—à–µ–Ω","2025-05-14T08:46:05.435225Z","","","","",""

1830,"1","–°–ø–∞—Å–∏–±–æ –∑–∞ –±—ã—Å—Ç—Ä–æ–µ —Ä–µ–∞–≥–∏—Ä–æ–≤–∞–Ω–∏–µ!!!","2025-05-14T08:46:15.378669Z",3888009.0,5.925,5.0,"–ü–æ–Ω—Ä–∞–≤–∏–ª–æ—Å—å –≤—ã–ø–æ–ª–Ω–µ–Ω–∏–µ –∑–∞—è–≤–∫–∏","2025-05-14T08:46:15.378669Z","","","","",""

1831,"1","–û–ø–µ—Ä–∞—Ç–∏–≤–Ω–æ —Å—Ä–∞–±–æ—Ç–∞–ª–∏, –±–ª–∞–≥–æ–¥–∞—Ä—é.","2025-05-14T08:51:55.682683Z",3888318.0,14.021,5.0,"–ü–æ–Ω—Ä–∞–≤–∏–ª–æ—Å—å –≤—ã–ø–æ–ª–Ω–µ–Ω–∏–µ –∑–∞—è–≤–∫–∏","2025-05-14T08:51:55.682683Z","","","","",""

1832,"1","—Å–ø–∞—Å–∏–±–æ –±–æ–ª—å—à–æ–µ","2025-05-14T08:52:05.300082Z",3888320.0,5.192,5.0,"{""choices"":[""–ü–æ–Ω—Ä–∞–≤–∏–ª–æ—Å—å –≤—ã–ø–æ–ª–Ω–µ–Ω–∏–µ –∑–∞—è–≤–∫–∏"",""–í–æ–ø—Ä–æ—Å —Ä–µ—à–µ–Ω""]}","2025-05-14T08:52:05.300082Z","","","","",""

1833,"1","–°–ø–∞—Å–∏–±–æ —Å–∞–Ω—Ç–µ—Ö–Ω–∏–∫—É –ê–ª–µ–∫—Å–µ—é, –≤—Å–µ —Å–¥–µ–ª–∞–Ω–æ –∫–∞—á–µ—Å—Ç–≤–µ–Ω–Ω–æ ","2025-05-14T08:52:26.076148Z",3888354.0,8.259,5.0,"–ù—Ä–∞–≤–∏—Ç—Å—è –∫–∞—á–µ—Å—Ç–≤–æ —Ä–∞–±–æ—Ç—ã —Å–æ—Ç—Ä—É–¥–Ω–∏–∫–æ–≤","2025-05-14T08:52:26.076148Z","","","","",""

1834,"1","–û–≥—Ä–æ–º–Ω–æ–µ —á–µ–ª–æ–≤–µ—á–µ—Å–∫–æ–µ —Å–ø–∞—Å–∏–±–æ –∑–∞ –æ–ø–µ—Ä–∞—Ç–∏–≤–Ω–æ—Å—Ç—å –≤—ã–ø–æ–ª–Ω–µ–Ω–∏—è —Ä–∞–±–æ—Ç—ã –Ω–∞—à–µ–º—É –¥–µ–∂—É—Ä–Ω–æ–º—É —Å–∞–Ω—Ç–µ—Ö–Ω–∏–∫—É, –ø—Ä–∏–±—ã–≤—à–µ–º—É –≤ –≤–æ—Å–∫—Ä–µ—Å–µ–Ω—å–µ —á–µ—Ä–µ–∑ 20 –º–∏–Ω—É—Ç –ø–æ—Å–ª–µ –Ω–∞–ø–∏—Å–∞–Ω–∏—è –∑–∞—è–≤–∫–∏! –í—Å–µ —Ä–µ—à–∏–ª–æ—Å—å –Ω–∞–∏–ª—É—á—à–∏–º –æ–±—Ä–∞–∑–æ–º! –í–æ—Ç —Ç–∞–∫ –±—ã –≤—Å–µ –≤–æ–ø—Ä–æ—Å—ã –æ–ø–µ—Ä–∞—Ç–∏–≤–Ω–æ —Ä–µ—à–∞–ª–∏—Å—å!!!","2025-05-14T08:52:45.909362Z",3888539.0,17.194,5.0,"{""choices"":[""–ù—Ä–∞–≤–∏—Ç—Å—è —Å–∫–æ—Ä–æ—Å—Ç—å –æ—Ç—Ä–∞–±–æ—Ç–∫–∏ –∑–∞—è–≤–æ–∫"",""–ù—Ä–∞–≤–∏—Ç—Å—è –∫–∞—á–µ—Å—Ç–≤–æ –≤—ã–ø–æ–ª–Ω–µ–Ω–∏—è –∑–∞—è–≤–∫–∏"",""–ù—Ä–∞–≤–∏—Ç—Å—è –∫–∞—á–µ—Å—Ç–≤–æ —Ä–∞–±–æ—Ç—ã —Å–æ—Ç—Ä—É–¥–Ω–∏–∫–æ–≤"",""–ü–æ–Ω—Ä–∞–≤–∏–ª–æ—Å—å –≤—ã–ø–æ–ª–Ω–µ–Ω–∏–µ –∑–∞—è–≤–∫–∏"",""–í–æ–ø—Ä–æ—Å —Ä–µ—à–µ–Ω""]}","2025-05-14T08:52:45.909362Z","","","","",""

1835,"1","–û—á–µ–Ω—å –æ–ø–µ—Ä–∞—Ç–∏–≤–Ω–æ –∏ –Ω–∏–∫—É–¥–∞ –Ω–µ –ø—Ä–∏—à–ª–æ—Å—å —Ö–æ–¥–∏—Ç—å.","2025-05-14T08:52:55.418570Z",3888591.0,8.072,5.0,"–í–æ–ø—Ä–æ—Å —Ä–µ—à–µ–Ω","2025-05-14T08:52:55.418570Z","","","","",""

1836,"1","–ü—Ä–æ–±–ª–µ–º–∞ —Ä–µ—à–µ–Ω–∞.","2025-05-14T08:53:01.966732Z",3888606.0,3.171,5.0,"–í–æ–ø—Ä–æ—Å —Ä–µ—à–µ–Ω","2025-05-14T08:53:01.966732Z","","","","",""

1837,"1","–û—á–µ–Ω—å –æ–ø–µ—Ä–∞—Ç–∏–≤–Ω–æ –æ—Ç—Ä–µ–∞–≥–∏—Ä–æ–≤–∞–ª–∏! –°–ø–∞—Å–∏–±–æ!","2025-05-14T08:54:10.638125Z",3888633.0,66.906,5.0,"–ü–æ–Ω—Ä–∞–≤–∏–ª–æ—Å—å –≤—ã–ø–æ–ª–Ω–µ–Ω–∏–µ –∑–∞—è–≤–∫–∏","2025-05-14T08:54:10.638125Z","","","","",""

1838,"1","–æ–ø–µ—Ä–∞—Ç–∏–≤–Ω–æ, –∫–∞—á–µ—Å—Ç–≤–µ–Ω–Ω–æ, –≤–æ–ø—Ä–æ—Å–æ–≤ –Ω–µ –≤–æ–∑–Ω–∏–∫–ª–æ. –°–ø–∞—Å–∏–±–æ.","2025-05-14T08:54:22.531741Z",3888794.0,10.457,5.0,"–í–æ–ø—Ä–æ—Å —Ä–µ—à–µ–Ω","2025-05-14T08:54:22.531741Z","","","","",""

1839,"1","–ë—ã—Å—Ç—Ä–æ!","2025-05-14T08:54:33.849426Z",3888811.0,9.134,5.0,"–í–æ–ø—Ä–æ—Å —Ä–µ—à–µ–Ω","2025-05-14T08:54:33.849426Z","","","","",""

1840,"1","–ë–ª–∞–≥–æ–¥–∞—Ä—é –∑–∞ –æ–ø–µ—Ä–∞—Ç–∏–≤–Ω–æ—Å—Ç—å!","2025-05-14T08:55:45.024847Z",3888828.0,64.918,5.0,"–ü–æ–Ω—Ä–∞–≤–∏–ª–æ—Å—å –≤—ã–ø–æ–ª–Ω–µ–Ω–∏–µ –∑–∞—è–≤–∫–∏","2025-05-14T08:55:45.024847Z","","","","",""

1841,"1","—Å–ø–∞—Å–∏–±–æ –∑–∞ –æ–ø–µ—Ä–∞—Ç–∏–≤–Ω–æ–µ —Ä–µ—à–µ–Ω–∏–µ –ø—Ä–æ–±–ª–µ–º—ã. ","2025-05-14T09:01:33.081057Z",3889213.0,344.569,5.0,"–ü–æ–Ω—Ä–∞–≤–∏–ª–æ—Å—å –≤—ã–ø–æ–ª–Ω–µ–Ω–∏–µ –∑–∞—è–≤–∫–∏","2025-05-14T09:01:33.081057Z","","","","",""

1842,"1","–û–ø–µ—Ä–∞—Ç–∏–≤–Ω–∞—è —Ä–∞–±–æ—Ç–∞","2025-05-14T09:01:56.658978Z",3889473.0,9.99,1.0,"–í–æ–ø—Ä–æ—Å —Ä–µ—à–µ–Ω","2025-05-14T09:01:56.658978Z","","","","",""

1843,"1","–æ–ø–µ—Ä–∞—Ç–∏–≤–Ω–æ–µ —Ä–µ—à–µ–Ω–∏–µ –ø—Ä–æ–±–ª–µ–º—ã! 

","2025-05-14T09:02:43.195017Z",3889502.0,43.794,5.0,"–í–æ–ø—Ä–æ—Å —Ä–µ—à–µ–Ω","2025-05-14T09:02:43.195017Z","","","","",""

1844,"1","–ü–µ—Ä–≤—ã–π —Ä–∞–∑ –≤—ã —Ä–µ—à–∏–ª–∏ –≤–æ–ø—Ä–æ—Å –±—ã—Å—Ç—Ä–æ ","2025-05-14T09:03:24.197969Z",3889542.0,39.462,5.0,"–í–æ–ø—Ä–æ—Å —Ä–µ—à–µ–Ω","2025-05-14T09:03:24.197969Z","","","","",""

1845,"1","–ù–∞–¥–æ–ª–≥–æ –ª–∏","2025-05-14T09:03:28.160965Z",3889737.0,2.252,1.0,"–î—Ä—É–≥–æ–µ","2025-05-14T09:03:28.160965Z","","","","",""

1846,"1","–æ—Ç–ª–∏—á–Ω–æ —Å–ø–∞—Å–∏–±–æ ","2025-05-14T09:03:35.445278Z",3889783.0,4.3,5.0,"–ü–æ–Ω—Ä–∞–≤–∏–ª–æ—Å—å –≤—ã–ø–æ–ª–Ω–µ–Ω–∏–µ –∑–∞—è–≤–∫–∏","2025-05-14T09:03:35.445278Z","","","","",""

1847,"1","—Å–ø–∞—Å–∏–±–æ –±–æ–ª—å—à–æ–µ, –¢–∞—Ç—å—è–Ω–∞.","2025-05-14T09:03:39.744278Z",3889827.0,1.814,5.0,"–ù—Ä–∞–≤–∏—Ç—Å—è –∫–∞—á–µ—Å—Ç–≤–æ —Ä–∞–±–æ—Ç—ã —Å–æ—Ç—Ä—É–¥–Ω–∏–∫–æ–≤","2025-05-14T09:03:39.744278Z","","","","",""

1848,"1","—Å–ø–∞—Å–∏–±–æ ","2025-05-14T09:10:10.589884Z",3889866.0,389.711,5.0,"{""choices"":[""–ü–æ–Ω—Ä–∞–≤–∏–ª–æ—Å—å –≤—ã–ø–æ–ª–Ω–µ–Ω–∏–µ –∑–∞—è–≤–∫–∏"",""–í–æ–ø—Ä–æ—Å —Ä–µ—à–µ–Ω""]}","2025-05-14T09:10:10.589884Z","","","","",""

1849,"1","–õ—É—á—à–∏–π –º–∞—Å—Ç–µ—Ä –Ω–∞ —Å–≤–µ—Ç–µ ü•∞–°–ø–∞—Å–∏–±–æ –±–æ–ª—å—à–æ–µ üôè","2025-05-14T09:10:17.326088Z",3889956.0,3.163,5.0,"–ù—Ä–∞–≤–∏—Ç—Å—è –∫–∞—á–µ—Å—Ç–≤–æ —Ä–∞–±–æ—Ç—ã —Å–æ—Ç—Ä—É–¥–Ω–∏–∫–æ–≤","2025-05-14T09:10:17.326088Z","","","","",""

1850,"1","–°–ø–∞—Å–∏–±–æ –±–æ–ª—å—à–æ–µ, —á—Ç–æ –ø–æ—á–∏–Ω–∏–ª–∏ –¥–æ–º–æ—Ñ–æ–Ω. ","2025-05-14T09:10:25.562471Z",3890030.0,5.586,5.0,"–í–æ–ø—Ä–æ—Å —Ä–µ—à–µ–Ω","2025-05-14T09:10:25.562471Z","","","","",""

1851,"1","–û—Ç–ª–∏—á–Ω–∞—è —Ä–∞–±–æ—Ç–∞","2025-05-14T09:10:34.122837Z",3890209.0,6.401,5.0,"–í–æ–ø—Ä–æ—Å —Ä–µ—à–µ–Ω","2025-05-14T09:10:34.122837Z","","","","",""

1852,"1","–°–ø–∞—Å–∏–±–æ –æ–≥—Ä–æ–º–Ω–æ–µ –∑–∞ –ø–æ–º–æ—â—å!","2025-05-14T09:11:15.255507Z",3890231.0,30.86,5.0,"–í–æ–ø—Ä–æ—Å —Ä–µ—à–µ–Ω","2025-05-14T09:11:15.255507Z","","","","",""

1853,"1","–æ–±—ã—á–Ω–∞—è —É—Å–ª—É–≥–∞. –¶–µ–Ω–∞, –ø—Ä–∞–≤–¥–∞, –∑–∞–≤—ã—à–µ–Ω–∞ (–∑–∞ –æ–∫–æ–ª–æ 10—Ç–∏ –º–∏–Ω—É—Ç —Ä–∞–±–æ—Ç—ã). ","2025-05-14T09:11:28.221797Z",3890239.0,10.461,5.0,"–í–æ–ø—Ä–æ—Å —Ä–µ—à–µ–Ω","2025-05-14T09:11:28.221797Z","","","","",""

1854,"1","–æ—Ç–ª–∏—á–Ω–∞—è —Ä–∞–±–æ—Ç–∞. —Ç–µ–ø–µ—Ä—å –¥–≤–µ—Ä—å –∑–∞–∫—Ä—ã–≤–∞–µ—Ç—Å—è –ø–ª–∞–≤–Ω–æ. —Å–ø–∞—Å–∏–±–æ. ","2025-05-14T09:11:39.459839Z",3890275.0,8.232,5.0,"–í–æ–ø—Ä–æ—Å —Ä–µ—à–µ–Ω","2025-05-14T09:11:39.459839Z","","","","",""

1855,"1","—Å–ø–∞—Å–∏–±–æ","2025-05-14T09:11:46.299193Z",3890303.0,5.143,5.0,"{""choices"":[""–ü–æ–Ω—Ä–∞–≤–∏–ª–æ—Å—å –≤—ã–ø–æ–ª–Ω–µ–Ω–∏–µ –∑–∞—è–≤–∫–∏"",""–í–æ–ø—Ä–æ—Å —Ä–µ—à–µ–Ω""]}","2025-05-14T09:11:46.299193Z","","","","",""

1856,"1","—Å–ø–∞—Å–∏–±–æ –±–æ–ª—å—à–æ–µ ","2025-05-14T09:11:54.978230Z",3890389.0,6.472,5.0,"–í–æ–ø—Ä–æ—Å —Ä–µ—à–µ–Ω","2025-05-14T09:11:54.978230Z","","","","",""

1857,"1","–í—Å–µ —Å—É–ø–µ—Ä –±—ã—Å—Ç—Ä–æ! –°–ø–∞—Å–∏–±–æ! ","2025-05-14T09:12:05.026730Z",3890393.0,8.129,5.0,"–í–æ–ø—Ä–æ—Å —Ä–µ—à–µ–Ω","2025-05-14T09:12:05.026730Z","","","","",""

1858,"1","–û–ø–µ—Ä–∞—Ç–∏–≤–Ω–æ) —Å–ø–∞—Å–∏–±–æ","2025-05-14T09:12:13.521052Z",3890484.0,5.168,5.0,"–ü–æ–Ω—Ä–∞–≤–∏–ª–æ—Å—å –≤—ã–ø–æ–ª–Ω–µ–Ω–∏–µ –∑–∞—è–≤–∫–∏","2025-05-14T09:12:13.521052Z","","","","",""

1859,"1","–°—É–ø–µ—Ä","2025-05-14T09:12:17.857055Z",3890486.0,2.846,5.0,"–í–æ–ø—Ä–æ—Å —Ä–µ—à–µ–Ω","2025-05-14T09:12:17.857055Z","","","","",""

1860,"1","–°–ø–∞—Å–∏–±–æ.","2025-05-14T09:12:23.319493Z",3890512.0,3.754,5.0,"{""choices"":[""–ü–æ–Ω—Ä–∞–≤–∏–ª–æ—Å—å –≤—ã–ø–æ–ª–Ω–µ–Ω–∏–µ –∑–∞—è–≤–∫–∏"",""–í–æ–ø—Ä–æ—Å —Ä–µ—à–µ–Ω""]}","2025-05-14T09:12:23.319493Z","","","","",""

1861,"1","–ú–æ–ª–æ–¥—Ü—ã, –æ–ø–µ—Ä–∞—Ç–∏–≤–Ω–æ. ","2025-05-14T09:13:29.847784Z",3890517.0,62.906,5.0,"–í–æ–ø—Ä–æ—Å —Ä–µ—à–µ–Ω","2025-05-14T09:13:29.847784Z","","","","",""

1862,"1","–í–æ–ø—Ä–æ—Å —Ä–µ—à–∏–ª—Å—è –±—ã—Å—Ç—Ä–æ. –°–ø–∞—Å–∏–±–æ!","2025-05-14T09:13:45.958742Z",3890604.0,13.952,5.0,"–í–æ–ø—Ä–æ—Å —Ä–µ—à–µ–Ω","2025-05-14T09:13:45.958742Z","","","","",""

1863,"1","–°–ø–∞—Å–∏–±–æ üòâ ","2025-05-14T09:13:52.881948Z",3890656.0,3.921,5.0,"{""choices"":[""–ü–æ–Ω—Ä–∞–≤–∏–ª–æ—Å—å –≤—ã–ø–æ–ª–Ω–µ–Ω–∏–µ –∑–∞—è–≤–∫–∏"",""–í–æ–ø—Ä–æ—Å —Ä–µ—à–µ–Ω""]}","2025-05-14T09:13:52.881948Z","","","","",""

1864,"1","–ê–ª–µ–∫—Å–∞–Ω–¥—Ä—É —Å–ø–∞—Å–∏–±–æ –∑–∞ –æ–±—ä—è—Å–Ω–µ–Ω–∏–µ –ø—Ä–∏—á–∏–Ω—ã –±—É–ª—å–∫–∞–Ω—å—è ! ","2025-05-14T09:14:07.272780Z",3890678.0,11.632,5.0,"–ù—Ä–∞–≤–∏—Ç—Å—è –∫–∞—á–µ—Å—Ç–≤–æ —Ä–∞–±–æ—Ç—ã —Å–æ—Ç—Ä—É–¥–Ω–∏–∫–æ–≤","2025-05-14T09:14:07.272780Z","","","","",""

1865,"1","—Å–ø–∞—Å–∏–±–æ! –≤—Å—ë –±—ã—Å—Ç—Ä–æ!","2025-05-14T09:14:14.487106Z",3890716.0,5.154,5.0,"–í–æ–ø—Ä–æ—Å —Ä–µ—à–µ–Ω","2025-05-14T09:14:14.487106Z","","","","",""

1866,"1","–°–ø–∞—Å–∏–±–æ","2025-05-14T09:14:20.798351Z",3890952.0,4.094,5.0,"{""choices"":[""–ü–æ–Ω—Ä–∞–≤–∏–ª–æ—Å—å –≤—ã–ø–æ–ª–Ω–µ–Ω–∏–µ –∑–∞—è–≤–∫–∏"",""–í–æ–ø—Ä–æ—Å —Ä–µ—à–µ–Ω""]}","2025-05-14T09:14:20.798351Z","","","","",""

1867,"1","–°–ø–∞—Å–∏–±–æ! –ò—Å–ø—Ä–∞–≤–∏–ª–∏ –º–æ—é –æ—à–∏–±–∫—É","2025-05-14T09:14:27.532854Z",3890985.0,9.65,5.0,"–í–æ–ø—Ä–æ—Å —Ä–µ—à–µ–Ω","2025-05-14T09:14:34.741834Z","","","","",""

1868,"1","–º–∞—Å—Ç–µ—Ä —Å–¥–µ–ª–∞–ª –≤—Å–µ –æ—á–µ–Ω—å –±—ã—Å—Ç—Ä–æ –∏ –∞–∫–∫—É—Ä–∞—Ç–Ω–æ","2025-05-14T09:14:49.232883Z",3891095.0,12.465,5.0,"–ù—Ä–∞–≤–∏—Ç—Å—è –∫–∞—á–µ—Å—Ç–≤–æ —Ä–∞–±–æ—Ç—ã —Å–æ—Ç—Ä—É–¥–Ω–∏–∫–æ–≤","2025-05-14T09:14:49.232883Z","","","","",""

1869,"1","—Å–ø–∞—Å–∏–±–æ!","2025-05-14T09:14:55.341372Z",3891173.0,3.494,5.0,"{""choices"":[""–ü–æ–Ω—Ä–∞–≤–∏–ª–æ—Å—å –≤—ã–ø–æ–ª–Ω–µ–Ω–∏–µ –∑–∞—è–≤–∫–∏"",""–í–æ–ø—Ä–æ—Å —Ä–µ—à–µ–Ω""]}","2025-05-14T09:14:55.341372Z","","","","",""

1870,"1","—Å–ø–∞—Å–∏–±–æ –∑–∞ –æ–ø–µ—Ä–∞—Ç–∏–≤–Ω–æ—Å—Ç—å","2025-05-14T09:15:00.624991Z",3891188.0,3.913,5.0,"–í–æ–ø—Ä–æ—Å —Ä–µ—à–µ–Ω","2025-05-14T09:15:00.624991Z","","","","",""

1871,"1","–°–ø–∞—Å–∏–±–æ!","2025-05-14T09:15:07.866538Z",3891298.0,4.475,5.0,"{""choices"":[""–ü–æ–Ω—Ä–∞–≤–∏–ª–æ—Å—å –≤—ã–ø–æ–ª–Ω–µ–Ω–∏–µ –∑–∞—è–≤–∫–∏"",""–í–æ–ø—Ä–æ—Å —Ä–µ—à–µ–Ω""]}","2025-05-14T09:15:07.866538Z","","","","",""

1872,"1","–û—á–µ–Ω—å –≤–µ–∂–ª–∏–≤—ã–π –∏ –ø—Ä–æ—Ñ–µ—Å—Å–∏–æ–Ω–∞–ª—å–Ω—ã–π –º–∞—Å—Ç–µ—Ä. –£—Å—Ç—Ä–∞–Ω–∏–ª –≤—Å–µ –Ω–µ–¥–æ—á–µ—Ç—ã –æ–ø–µ—Ä–∞—Ç–∏–≤–Ω–æ –∏ –∫–∞—á–µ—Å—Ç–≤–µ–Ω–Ω–æ. –ü—Ä–æ—Å—Ç–æ –æ—Ç–ª–∏—á–Ω–æ. –°–ø–∞—Å–∏–±–æ ","2025-05-14T09:15:13.823097Z",3891325.0,3.943,5.0,"–ù—Ä–∞–≤–∏—Ç—Å—è –∫–∞—á–µ—Å—Ç–≤–æ —Ä–∞–±–æ—Ç—ã —Å–æ—Ç—Ä—É–¥–Ω–∏–∫–æ–≤","2025-05-14T09:15:13.823097Z","","","","",""

1873,"1","–ò–≤–∞–Ω, –æ–≥—Ä–æ–º–Ω–æ–µ —Å–ø–∞—Å–∏–±–æ –≤–∞–º ! ","2025-05-14T09:15:18.974694Z",3891380.0,3.242,5.0,"–ù—Ä–∞–≤–∏—Ç—Å—è –∫–∞—á–µ—Å—Ç–≤–æ —Ä–∞–±–æ—Ç—ã —Å–æ—Ç—Ä—É–¥–Ω–∏–∫–æ–≤","2025-05-14T09:15:18.974694Z","","","","",""

1874,"1","–°—Ä–µ–∞–≥–∏—Ä–æ–≤–∞–ª–∏ –∑–∞ 20 –º–∏–Ω—É—Ç!!!!","2025-05-14T09:15:28.813887Z",3891477.0,6.749,5.0,"–ù—Ä–∞–≤–∏—Ç—Å—è —Å–∫–æ—Ä–æ—Å—Ç—å –æ—Ç—Ä–∞–±–æ—Ç–∫–∏ –∑–∞—è–≤–æ–∫","2025-05-14T09:15:28.813887Z","","","","",""

1875,"1","–°–ø–∞—Å–∏–±–æ —Å–ø–µ—Ü–∏–∞–ª–∏—Å—Ç—É –†–æ–º–∞–Ω—É, –∫–æ—Ç–æ—Ä—ã–π –ø–æ–º–æ–≥ –º–Ω–µ –Ω–∞–∫–æ–Ω–µ—Ü-—Ç–æ —Ä–µ—à–∏—Ç—å –º–æ–π –≤–æ–ø—Ä–æ—Å! –û—á–µ–Ω—å –≥—Ä–∞–º–æ—Ç–Ω—ã–π –∏ –≤–µ–∂–ª–∏–≤—ã–π —Å–ø–µ—Ü–∏–∞–ª–∏—Å—Ç) ","2025-05-14T09:15:33.220889Z",3891489.0,3.134,5.0,"–ù—Ä–∞–≤–∏—Ç—Å—è –∫–∞—á–µ—Å—Ç–≤–æ —Ä–∞–±–æ—Ç—ã —Å–æ—Ç—Ä—É–¥–Ω–∏–∫–æ–≤","2025-05-14T09:15:33.220889Z","","","","",""

1876,"1","—Å–ø–∞—Å–∏–±–æ! –≤ —Ç–æ—Ç –∂–µ –¥–µ–Ω—å —ç–ª–µ–∫—Ç—Ä–∏–∫ —Ä–µ—à–∏–ª –ø—Ä–æ–±–ª–µ–º—É.","2025-05-14T09:15:57.069844Z",3891568.0,19.863,5.0,"–ü–æ–Ω—Ä–∞–≤–∏–ª–æ—Å—å –≤—ã–ø–æ–ª–Ω–µ–Ω–∏–µ –∑–∞—è–≤–∫–∏","2025-05-14T09:15:57.069844Z","","","","",""

1877,"1","–õ–∏—Ñ—Ç –∏ –ø–æ–ª—ã –ø–æ–º—ã–ª–∏ , –±–æ–ª—å—à–æ–µ —Å–ø–∞—Å–∏–±–æ –∑–∞ —É–±–æ—Ä–∫—É ! –ñ–¥—ë–º —É—Å—Ç–∞–Ω–æ–≤–∫—É –∑–µ—Ä–∫–∞–ª –≤ –ª–∏—Ñ—Ç–∞—Ö","2025-05-14T09:16:07.305626Z",3891612.0,8.081,5.0,"–í–æ–ø—Ä–æ—Å —Ä–µ—à–µ–Ω","2025-05-14T09:16:07.305626Z","","","","",""

1878,"1","—Å–ø–∞—Å–∏–±–æ!","2025-05-14T09:16:29.081905Z",3891740.0,19.874,5.0,"{""choices"":[""–ü–æ–Ω—Ä–∞–≤–∏–ª–æ—Å—å –≤—ã–ø–æ–ª–Ω–µ–Ω–∏–µ –∑–∞—è–≤–∫–∏"",""–í–æ–ø—Ä–æ—Å —Ä–µ—à–µ–Ω""]}","2025-05-14T09:16:29.081905Z","","","","",""

1879,"1","–¥–∞ –≤—Å–µ –≤–µ—Ä–Ω–æ. —Å–ø–∞—Å–∏–±–æ","2025-05-14T09:16:38.539224Z",3891850.0,6.702,5.0,"–í–æ–ø—Ä–æ—Å —Ä–µ—à–µ–Ω","2025-05-14T09:16:38.539224Z","","","","",""

1880,"1","—Å–ø–∞—Å–∏–±–æ –≤—Å—ë –±–∏—Å—Ç—Ä–æ —É—Å—Ç—Ä–∞–Ω–∏–ª–∏ ","2025-05-14T09:17:13.951739Z",3891871.0,33.249,5.0,"–í–æ–ø—Ä–æ—Å —Ä–µ—à–µ–Ω","2025-05-14T09:17:13.951739Z","","","","",""

1881,"1","–°–ø–∞—Å–∏–±–æ, –≤—Ä–æ–¥–µ –±—ã —Å—Ç–∞–ª–æ –ª—É—á—à–µ. ","2025-05-14T09:17:20.219002Z",3891943.0,4.066,4.0,"–í–æ–ø—Ä–æ—Å —Ä–µ—à–µ–Ω","2025-05-14T09:17:20.219002Z","","","","",""

1882,"1","–°–ø–∞—Å–∏–±–æ –±–æ–ª—å—à–æ–µ –∑–∞ –í–∞—à—É –±—ã—Å—Ç—Ä—É—é –∏ –ø—Ä–æ—Ñ–µ—Å—Å–∏–æ–Ω–∞–ª—å–Ω—É—é –ø–æ–º–æ—â—å. ","2025-05-14T09:17:30.155199Z",3892115.0,7.237,5.0,"–ù—Ä–∞–≤–∏—Ç—Å—è —Å–∫–æ—Ä–æ—Å—Ç—å –æ—Ç—Ä–∞–±–æ—Ç–∫–∏ –∑–∞—è–≤–æ–∫","2025-05-14T09:17:30.155199Z","","","","",""

1883,"1","–í—Å–µ –±—ã—Å—Ç—Ä–æ, –Ω–µ —Å–º–æ—Ç—Ä—è –Ω–∞ –ø–æ–∑–¥–Ω–∏–π —á–∞—Å.","2025-05-14T09:17:36.405800Z",3892189.0,4.062,5.0,"–ù—Ä–∞–≤–∏—Ç—Å—è –∫–∞—á–µ—Å—Ç–≤–æ –≤—ã–ø–æ–ª–Ω–µ–Ω–∏—è –∑–∞—è–≤–∫–∏","2025-05-14T09:17:36.405800Z","","","","",""

1884,"1","–°–ø–∞—Å–∏–±–æ ","2025-05-14T09:17:45.279054Z",3892247.0,5.43,5.0,"{""choices"":[""–ù—Ä–∞–≤–∏—Ç—Å—è —Å–∫–æ—Ä–æ—Å—Ç—å –æ—Ç—Ä–∞–±–æ—Ç–∫–∏ –∑–∞—è–≤–æ–∫"",""–í–æ–ø—Ä–æ—Å —Ä–µ—à–µ–Ω""]}","2025-05-14T09:17:45.279054Z","","","","",""

1885,"1","—Å–ø–∞—Å–∏–±–æ ","2025-05-14T09:17:51.879823Z",3892258.0,4.995,5.0,"{""choices"":[""–ü–æ–Ω—Ä–∞–≤–∏–ª–æ—Å—å –≤—ã–ø–æ–ª–Ω–µ–Ω–∏–µ –∑–∞—è–≤–∫–∏"",""–í–æ–ø—Ä–æ—Å —Ä–µ—à–µ–Ω""]}","2025-05-14T09:17:51.879823Z","","","","",""

1886,"1","—Å–ø–∞—Å–∏–±–æ","2025-05-14T09:17:56.268255Z",3892271.0,2.293,5.0,"{""choices"":[""–ü–æ–Ω—Ä–∞–≤–∏–ª–æ—Å—å –≤—ã–ø–æ–ª–Ω–µ–Ω–∏–µ –∑–∞—è–≤–∫–∏"",""–í–æ–ø—Ä–æ—Å —Ä–µ—à–µ–Ω""]}","2025-05-14T09:17:56.268255Z","","","","",""

1887,"1","–æ—Ç–≤–µ—Ç –±—ã–ª –ø—Ä–µ–¥–æ—Å—Ç–∞–≤–ª–µ–Ω –æ–ø–µ—Ä–∞—Ç–∏–≤–Ω–æ –∏ –≤ –ø–æ–ª–Ω–æ–º –æ–±—ä–µ–º–µ","2025-05-14T09:18:16.699917Z",3892432.0,17.919,5.0,"–ù—Ä–∞–≤–∏—Ç—Å—è —Å–∫–æ—Ä–æ—Å—Ç—å –æ—Ç—Ä–∞–±–æ—Ç–∫–∏ –∑–∞—è–≤–æ–∫","2025-05-14T09:18:16.699917Z","","","","",""

1888,"1","–°–ø–∞—Å–∏–±–æ –æ–≥—Ä–æ–º–Ω–æ–µ,  –Ω–∞–ø–æ—Ä —Å—Ç–∞–ª –æ—Ç–ª–∏—á–Ω—ã–º!","2025-05-14T09:18:26.114264Z",3892474.0,8.148,5.0,"–ù—Ä–∞–≤–∏—Ç—Å—è —Å–∫–æ—Ä–æ—Å—Ç—å –æ—Ç—Ä–∞–±–æ—Ç–∫–∏ –∑–∞—è–≤–æ–∫","2025-05-14T09:18:26.114264Z","","","","",""

1889,"1","—Å–ø–∞—Å–∏–±–æ","2025-05-14T09:18:33.677594Z",3892541.0,5.624,5.0,"{""choices"":[""–ü–æ–Ω—Ä–∞–≤–∏–ª–æ—Å—å –≤—ã–ø–æ–ª–Ω–µ–Ω–∏–µ –∑–∞—è–≤–∫–∏"",""–í–æ–ø—Ä–æ—Å —Ä–µ—à–µ–Ω""]}","2025-05-14T09:18:33.677594Z","","","","",""

1890,"1","–°–ø–∞—Å–∏–±–æ) —Ç–∞–º –ø—Ä–∞–≤–¥–∞ –≤—Å–µ —É–±—Ä–∞–ª–∏ –∏ —Å—Ç–∞–ª–æ –ø—Ä—è–º —á–∏—Å—Ç–æ) –µ—Å–ª–∏ –º–æ–∂–µ—Ç–µ –µ—â–µ –æ—Ç–º—ã—Ç—å –ø—è—Ç–Ω–∞ —á–µ–≥–æ-—Ç–æ‚Ä¶ –±—É–¥—É –æ—á–µ–Ω—å –≤–∞–º –ø—Ä–∏–∑–Ω–∞—Ç–µ–ª–µ–Ω) –≤–æ–∑–º–æ–∂–Ω–æ —Ç–∞–º –Ω—É–∂–Ω–∞ –Ω–µ —Ç–æ–ª—å–∫–æ —Ç—Ä—è–ø–∫–∞)","2025-05-14T09:18:51.530069Z",3892548.0,15.414,5.0,"–ù—Ä–∞–≤–∏—Ç—Å—è –∫–∞—á–µ—Å—Ç–≤–æ –≤—ã–ø–æ–ª–Ω–µ–Ω–∏—è –∑–∞—è–≤–∫–∏","2025-05-14T09:18:51.530069Z","","","","",""

1891,"1","—Å–¥–µ–ª–∞–ª–∏","2025-05-14T09:19:05.350877Z",3892589.0,8.864,5.0,"–í–æ–ø—Ä–æ—Å —Ä–µ—à–µ–Ω","2025-05-14T09:19:05.350877Z","","","","",""

1892,"1","–°–ø–∞—Å–∏–±–æ –º–∞—Å—Ç–µ—Ä—É –°–µ—Ä–≥–µ—é –∑–∞ —á–µ—Ç–∫—É—é —Ä–∞–±–æ—Ç—É! ","2025-05-14T10:11:13.280261Z",3892591.0,9.14,5.0,"–ù—Ä–∞–≤–∏—Ç—Å—è –∫–∞—á–µ—Å—Ç–≤–æ —Ä–∞–±–æ—Ç—ã —Å–æ—Ç—Ä—É–¥–Ω–∏–∫–æ–≤","2025-05-14T10:11:13.280261Z","","","","",""

1893,"1","–ù–∞–∫–æ–Ω–µ—Ü - —Ç–æ. –û—á–µ–Ω—å –Ω–∞–¥–µ—é—Å—å, —á—Ç–æ —á–µ—Ä–µ–∑ 2 –¥–Ω—è –æ–Ω –Ω–µ –≤—Å—Ç–∞–Ω–µ—Ç —Å–Ω–æ–≤–∞","2025-05-14T10:11:24.392562Z",3892629.0,6.697,4.0,"–î—Ä—É–≥–æ–µ","2025-05-14T10:11:24.392562Z","","","","",""

1894,"1","–ë–ª–∞–≥–æ–¥–∞—Ä–∏–º, –æ—á–µ–Ω—å –æ–ø–µ—Ä–∞—Ç–∏–≤–Ω–æ!","2025-05-14T10:11:34.406786Z",3892632.0,7.342,5.0,"–ù—Ä–∞–≤–∏—Ç—Å—è —Å–∫–æ—Ä–æ—Å—Ç—å –æ—Ç—Ä–∞–±–æ—Ç–∫–∏ –∑–∞—è–≤–æ–∫","2025-05-14T10:11:34.406786Z","","","","",""

1895,"1","–ë—ã—Å—Ç—Ä–æ, –º–∞—Å—Ç–µ—Ä—É –±–æ–ª—å—à–æ–µ —Å–ø–∞—Å–∏–±–æ","2025-05-14T10:11:43.047029Z",3892659.0,5.732,5.0,"–ù—Ä–∞–≤–∏—Ç—Å—è –∫–∞—á–µ—Å—Ç–≤–æ —Ä–∞–±–æ—Ç—ã —Å–æ—Ç—Ä—É–¥–Ω–∏–∫–æ–≤","2025-05-14T10:11:43.047029Z","","","","",""

1896,"1","–í–æ–ø—Ä–æ—Å —Ä–µ—à–µ–Ω –±—ã—Å—Ç—Ä–æ, —Å–ø–∞—Å–∏–±–æ –º–∞—Å—Ç–µ—Ä—É. –§–æ—Ç–æ –≤—ã–ø–æ–ª–Ω–µ–Ω–Ω–æ–π —Ä–∞–±–æ—Ç—ã –ø—Ä–∏–ª–æ–∂–∏–ª –∏ –¥–∞–∂–µ –ø–æ–∑–≤–æ–Ω–∏–ª!","2025-05-14T10:11:56.592290Z",3892748.0,11.791,5.0,"–ù—Ä–∞–≤–∏—Ç—Å—è –∫–∞—á–µ—Å—Ç–≤–æ —Ä–∞–±–æ—Ç—ã —Å–æ—Ç—Ä—É–¥–Ω–∏–∫–æ–≤","2025-05-14T10:11:56.592290Z","","","","",""

1897,"1","–≥–ª–∞–≤–Ω–æ–µ —á—Ç–æ –ø—Ä–æ–±–ª–µ–º–∞ —Ä–µ—à–µ–Ω–∞! —Å–ø–∞—Å–∏–±–æ!","2025-05-14T10:12:52.232635Z",3892858.0,51.427,5.0,"–í–æ–ø—Ä–æ—Å —Ä–µ—à–µ–Ω","2025-05-14T10:12:52.232635Z","","","","",""

1898,"1","–°–ø–∞—Å–∏–±–æ.. –≤—Å–µ —Å–¥–µ–ª–∞–ª–∏ –±—ã—Å—Ç—Ä–æ .. –æ—á–µ–Ω—å –≤–µ–∂–ª–∏–≤—ã–µ —Å–æ—Ç—Ä—É–¥–Ω–∏–∫–∏. ","2025-05-14T10:13:00.482634Z",3892909.0,6.95,5.0,"–ù—Ä–∞–≤–∏—Ç—Å—è –∫–∞—á–µ—Å—Ç–≤–æ —Ä–∞–±–æ—Ç—ã —Å–æ—Ç—Ä—É–¥–Ω–∏–∫–æ–≤","2025-05-14T10:13:00.482634Z","","","","",""

1899,"1","—Å–ø–∞—Å–∏–±–æ, —á—Ç–æ —Ä–µ—à–∏–ª–∏ –ø—Ä–æ–±–ª–µ–º—É –æ–ø–µ—Ä–∞—Ç–∏–≤–Ω–æ ","2025-05-14T10:13:12.907984Z",3892910.0,9.648,5.0,"–í–æ–ø—Ä–æ—Å —Ä–µ—à–µ–Ω","2025-05-14T10:13:12.907984Z","","","","",""

1900,"1","–û–ø–µ—Ä–∞—Ç–∏–≤–Ω–æ, –≤–Ω–∏–º–∞—Ç–µ–ª—å–Ω–æ, –≤–µ–∂–ª–∏–≤–æ. –°–ø–∞—Å–∏–±–æ. ","2025-05-14T10:13:41.212977Z",3893074.0,19.212,5.0,"–ù—Ä–∞–≤–∏—Ç—Å—è —Å–∫–æ—Ä–æ—Å—Ç—å –æ—Ç—Ä–∞–±–æ—Ç–∫–∏ –∑–∞—è–≤–æ–∫","2025-05-14T10:13:41.212977Z","","","","",""

1901,"1","–°–ø–∞—Å–∏–±–æ, –≤—Å—ë –æ–ø–µ—Ä–∞—Ç–∏–≤–Ω–æ —Å–¥–µ–ª–∞–ª–∏!","2025-05-14T10:14:03.236548Z",3893110.0,8.004,5.0,"–í–æ–ø—Ä–æ—Å —Ä–µ—à–µ–Ω","2025-05-14T10:14:03.236548Z","","","","",""

1902,"1","–ë—ã–ª–∞ —Ä–∞—Å–ø–µ—á–∞—Ç–∞–Ω–∞ –±—É–º–∞–∂–Ω–∞—è –∫–≤–∏—Ç–∞–Ω—Ü–∏—è.–•–æ—á—É –ø–æ–±–ª–∞–≥–æ–¥–∞—Ä–∏—Ç—å —Ä–∞–±–æ—Ç–Ω–∏–∫–∞ —Ä–∞—Å—á–µ—Ç–Ω–æ–≥–æ –æ—Ç–¥–µ–ª–∞ –∑–∞ —Ä–∞–∑—å—è—Å–Ω–µ–Ω–∏—è –ø–æ –∫–≤–∏—Ç–∞–Ω—Ü–∏–∏ –∏ –∫–∞–∫ –Ω–∞–π—Ç–∏ —ç–ª–µ–∫—Ç—Ä–æ–Ω–Ω—ã–π –≤–∞—Ä–∏–∞–Ω—Ç –∫–≤–∏—Ç–∞–Ω—Ü–∏–∏ –≤ –ø—Ä–∏–ª–æ–∂–µ–Ω–∏–µ –°–∞–º–æ–ª–µ—Ç+–£–ö","2025-05-14T10:14:28.035854Z",3893437.0,22.987,5.0,"–ù—Ä–∞–≤–∏—Ç—Å—è –∫–∞—á–µ—Å—Ç–≤–æ —Ä–∞–±–æ—Ç—ã —Å–æ—Ç—Ä—É–¥–Ω–∏–∫–æ–≤","2025-05-14T10:14:28.035854Z","","","","",""

1903,"1","–ó–∞—è–≤–∫–∞ –±—ã—Å—Ç—Ä–∞ –ø—Ä–∏–Ω—è—Ç–∞ –≤ —Ä–∞–±–æ—Ç—É. –ü—Ä–æ–±–ª–µ–º–∞ —Ä–µ—à–µ–Ω–∞. –°–ø–∞—Å–∏–±–æ! 

","2025-05-14T10:14:45.653555Z",3893476.0,11.122,5.0,"–ù—Ä–∞–≤–∏—Ç—Å—è —Å–∫–æ—Ä–æ—Å—Ç—å –æ—Ç—Ä–∞–±–æ—Ç–∫–∏ –∑–∞—è–≤–æ–∫","2025-05-14T10:14:45.653555Z","","","","",""

1904,"1","–ú–æ–ª–æ–¥—Ü—ã! –ë—ã—Å—Ç—Ä–æ! üòÅ","2025-05-14T10:14:55.934833Z",3893532.0,7.817,5.0,"–í–æ–ø—Ä–æ—Å —Ä–µ—à–µ–Ω","2025-05-14T10:14:55.934833Z","","","","",""

1905,"1","–°–ø–∞—Å–∏–±–æ","2025-05-14T10:15:04.491043Z",3893660.0,5.317,5.0,"{""choices"":[""–ü–æ–Ω—Ä–∞–≤–∏–ª–æ—Å—å –≤—ã–ø–æ–ª–Ω–µ–Ω–∏–µ –∑–∞—è–≤–∫–∏"",""–í–æ–ø—Ä–æ—Å —Ä–µ—à–µ–Ω""]}","2025-05-14T10:15:04.491043Z","","","","",""

1906,"1"," –°–ø–∞—Å–∏–±–æ –±–æ–ª—å—à–æ–µ –∑–∞ –æ–ø–µ—Ä–∞—Ç–∏–≤–Ω–æ—Å—Ç—åüëçüëçüëç","2025-05-14T10:15:10.199025Z",3893735.0,3.81,5.0,"–í–æ–ø—Ä–æ—Å —Ä–µ—à–µ–Ω","2025-05-14T10:15:10.199025Z","","","","",""

1907,"1","–ë–ª–∞–≥–æ–¥–∞—Ä—é!","2025-05-14T10:15:16.353445Z",3893847.0,3.689,5.0,"–í–æ–ø—Ä–æ—Å —Ä–µ—à–µ–Ω","2025-05-14T10:15:16.353445Z","","","","",""

1908,"1","–°–ø–∞—Å–∏–±–æ –±–æ–ª—å—à–æ–µ,–≤—Å–µ—Ö –±–ª–∞–≥ –∏ –ø—Ä–æ—Ü–≤–µ—Ç–∞–Ω–∏–µ –≤–∞—à–µ–π –∫–æ–º–ø–∞–Ω–∏–∏ ","2025-05-14T10:15:32.061863Z",3893860.0,14.018,5.0,"–ù—Ä–∞–≤–∏—Ç—Å—è –∫–∞—á–µ—Å—Ç–≤–æ –≤—ã–ø–æ–ª–Ω–µ–Ω–∏—è –∑–∞—è–≤–∫–∏","2025-05-14T10:15:32.061863Z","","","","",""

1909,"1","—Å–ø–∞—Å–∏–±–æ —ç–ª–µ–∫—Ç—Ä–∏–∫—É","2025-05-14T10:15:43.141185Z",3893967.0,6.327,5.0,"–ü–æ–Ω—Ä–∞–≤–∏–ª–æ—Å—å –≤—ã–ø–æ–ª–Ω–µ–Ω–∏–µ –∑–∞—è–≤–∫–∏","2025-05-14T10:15:43.141185Z","","","","",""

1910,"1","–°–ø–∞—Å–∏–±–æ ","2025-05-14T10:15:49.134641Z",3894014.0,3.856,5.0,"{""choices"":[""–ü–æ–Ω—Ä–∞–≤–∏–ª–æ—Å—å –≤—ã–ø–æ–ª–Ω–µ–Ω–∏–µ –∑–∞—è–≤–∫–∏"",""–í–æ–ø—Ä–æ—Å —Ä–µ—à–µ–Ω""]}","2025-05-14T10:15:49.134641Z","","","","",""

1911,"1","–°–ø–∞—Å–∏–±–æ ","2025-05-14T10:15:54.815641Z",3894023.0,3.635,5.0,"–í–æ–ø—Ä–æ—Å —Ä–µ—à–µ–Ω","2025-05-14T10:15:54.815641Z","","","","",""

1912,"1","–≤—Å—ë –≥—Ä–∞–º–æ—Ç–Ω–æ –ø–æ –ø–æ–ª–æ—á–∫–∞–º –æ–±—ä—è—Å–Ω–∏–ª","2025-05-14T10:16:06.060124Z",3894064.0,9.171,5.0,"–ù—Ä–∞–≤–∏—Ç—Å—è –∫–∞—á–µ—Å—Ç–≤–æ –≤—ã–ø–æ–ª–Ω–µ–Ω–∏—è –∑–∞—è–≤–∫–∏","2025-05-14T10:16:06.060124Z","","","","",""

1913,"1","–±–ª–∞–≥–æ–¥–∞—Ä—é –∑–∞ –±—ã—Å—Ç—Ä–æ –∏ –∫–∞—á–µ—Å—Ç–≤–µ–Ω–Ω–æ –æ–∫–∞–∑–∞–Ω–Ω—É—é —É—Å–ª—É–≥—É","2025-05-14T10:16:18.915256Z",3894130.0,10.163,5.0,"–ü–æ–Ω—Ä–∞–≤–∏–ª–æ—Å—å –≤—ã–ø–æ–ª–Ω–µ–Ω–∏–µ –∑–∞—è–≤–∫–∏","2025-05-14T10:16:18.915256Z","","","","",""

1914,"1","–°–ø–∞—Å–∏–±–æ –∑–∞ –æ–ø–µ—Ä–∞—Ç–∏–≤–Ω–æ–µ —Ä–µ—à–µ–Ω–∏–µ –≤–æ–ø—Ä–æ—Å–∞! ","2025-05-14T10:16:27.143600Z",3894191.0,6.537,5.0,"–í–æ–ø—Ä–æ—Å —Ä–µ—à–µ–Ω","2025-05-14T10:16:27.143600Z","","","","",""

1915,"1","–°–ø–∞—Å–∏–±–æ ","2025-05-14T10:16:34.191945Z",3894264.0,4.059,5.0,"{""choices"":[""–ü–æ–Ω—Ä–∞–≤–∏–ª–æ—Å—å –≤—ã–ø–æ–ª–Ω–µ–Ω–∏–µ –∑–∞—è–≤–∫–∏"",""–í–æ–ø—Ä–æ—Å —Ä–µ—à–µ–Ω""]}","2025-05-14T10:16:34.191945Z","","","","",""

1916,"1","–°–ø–∞—Å–∏–±–æ ","2025-05-14T10:16:39.169943Z",3894294.0,3.174,5.0,"–í–æ–ø—Ä–æ—Å —Ä–µ—à–µ–Ω","2025-05-14T10:16:39.169943Z","","","","",""

1917,"1","–û–≥—Ä–æ–º–Ω–æ–µ —Å–ø–∞—Å–∏–±–æ, –±—ã—Å—Ç—Ä–æ –∏ –∫–∞—á–µ—Å—Ç–≤–µ–Ω–Ω–æ ","2025-05-14T10:17:04.019043Z",3894326.0,15.562,5.0,"–ü–æ–Ω—Ä–∞–≤–∏–ª–æ—Å—å –≤—ã–ø–æ–ª–Ω–µ–Ω–∏–µ –∑–∞—è–≤–∫–∏","2025-05-14T10:17:04.019043Z","","","","",""

1918,"1","—Å–ø–∞—Å–∏–±–æ","2025-05-14T10:17:39.413954Z",3894383.0,21.796,5.0,"{""choices"":[""–ü–æ–Ω—Ä–∞–≤–∏–ª–æ—Å—å –≤—ã–ø–æ–ª–Ω–µ–Ω–∏–µ –∑–∞—è–≤–∫–∏"",""–í–æ–ø—Ä–æ—Å —Ä–µ—à–µ–Ω""]}","2025-05-14T10:17:39.413954Z","","","","",""

1919,"1","–°–ø–∞—Å–∏–±–æ –±–æ–ª—å—à–æ–µ –∑–∞ –æ–ø–µ—Ä–∞—Ç–∏–≤–Ω–æ—Å—Ç—å ","2025-05-14T10:17:49.047744Z",3894419.0,7.802,5.0,"–ù—Ä–∞–≤–∏—Ç—Å—è —Å–∫–æ—Ä–æ—Å—Ç—å –æ—Ç—Ä–∞–±–æ—Ç–∫–∏ –∑–∞—è–≤–æ–∫","2025-05-14T10:17:49.047744Z","","","","",""

1920,"1","–°–ø–∞—Å–∏–±–æ –±–æ–ª—å—à–æ–µ! ","2025-05-14T10:17:55.063206Z",3894423.0,3.858,5.0,"{""choices"":[""–ù—Ä–∞–≤–∏—Ç—Å—è —Å–∫–æ—Ä–æ—Å—Ç—å –æ—Ç—Ä–∞–±–æ—Ç–∫–∏ –∑–∞—è–≤–æ–∫"",""–í–æ–ø—Ä–æ—Å —Ä–µ—à–µ–Ω""]}","2025-05-14T10:17:55.063206Z","","","","",""

1921,"1","—Å–ø–∞—Å–∏–±–æ! ","2025-05-14T10:18:00.775174Z",3894439.0,4.057,5.0,"{""choices"":[""–ü–æ–Ω—Ä–∞–≤–∏–ª–æ—Å—å –≤—ã–ø–æ–ª–Ω–µ–Ω–∏–µ –∑–∞—è–≤–∫–∏"",""–í–æ–ø—Ä–æ—Å —Ä–µ—à–µ–Ω""]}","2025-05-14T10:18:00.775174Z","","","","",""

1922,"1","—Å–ø–∞—Å–∏–±–æ –∑–∞ —Ä–µ–º–æ–Ω—Ç!","2025-05-14T10:18:16.010055Z",3894440.0,6.965,5.0,"–í–æ–ø—Ä–æ—Å —Ä–µ—à–µ–Ω","2025-05-14T10:18:16.010055Z","","","","",""

1923,"1","–±–ª–∞–≥–æ–¥–∞—Ä—é –º–µ–Ω–µ–¥–∂–µ—Ä–∞ –¢–∞—Ç—å—è–Ω—É ","2025-05-14T10:18:24.821538Z",3894680.0,2.279,5.0,"–ù—Ä–∞–≤–∏—Ç—Å—è –∫–∞—á–µ—Å—Ç–≤–æ —Ä–∞–±–æ—Ç—ã —Å–æ—Ç—Ä—É–¥–Ω–∏–∫–æ–≤","2025-05-14T10:18:24.821538Z","","","","",""

1924,"1","–±–ª–∞–≥–æ–¥–∞—Ä—é –º–µ–Ω–µ–¥–∂–µ—Ä–∞ ","2025-05-14T10:18:30.804442Z",3894684.0,4.277,5.0,"–ù—Ä–∞–≤–∏—Ç—Å—è –∫–∞—á–µ—Å—Ç–≤–æ —Ä–∞–±–æ—Ç—ã —Å–æ—Ç—Ä—É–¥–Ω–∏–∫–æ–≤","2025-05-14T10:18:30.804442Z","","","","",""

1925,"1","—Å–æ—Ç—Ä—É–¥–Ω–∏–∫–∏ –º–æ–ª–æ–¥—Ü—ã!","2025-05-14T10:18:37.251808Z",3894714.0,3.612,5.0,"–ù—Ä–∞–≤–∏—Ç—Å—è –∫–∞—á–µ—Å—Ç–≤–æ —Ä–∞–±–æ—Ç—ã —Å–æ—Ç—Ä—É–¥–Ω–∏–∫–æ–≤","2025-05-14T10:18:37.251808Z","","","","",""

1926,"1","–ë–æ–ª—å—à–æ–µ —Å–ø–∞—Å–∏–±–æ ","2025-05-14T10:18:42.559003Z",3894876.0,3.508,5.0,"–í–æ–ø—Ä–æ—Å —Ä–µ—à–µ–Ω","2025-05-14T10:18:42.559003Z","","","","",""

1927,"1","–ë–æ–ª—å—à–æ–µ —Å–ø–∞—Å–∏–±–æ ","2025-05-14T10:18:48.381919Z",3894890.0,3.547,5.0,"–í–æ–ø—Ä–æ—Å —Ä–µ—à–µ–Ω","2025-05-14T10:18:48.381919Z","","","","",""

1928,"1","–æ–ø–µ—Ä–∞—Ç–∏–≤–Ω–æ –∏ –∫–∞—á–µ—Å—Ç–≤–µ–Ω–Ω–æ! –±—Ä–∞–≤–æ!","2025-05-14T10:19:14.556988Z",3894893.0,21.906,5.0,"–í–æ–ø—Ä–æ—Å —Ä–µ—à–µ–Ω","2025-05-14T10:19:14.556988Z","","","","",""

1929,"1","–°–ø–∞—Å–∏–±–æ –æ–≥—Ä–æ–º–Ω–æ–µ! –û–ø–µ—Ä–∞—Ç–∏–≤–Ω–æ –∏ –∫–∞—á–µ—Å—Ç–≤–µ–Ω–Ω–æ —Ä–µ—à–∏–ª–∏ –ø—Ä–æ–±–ª–µ–º—É! ","2025-05-14T10:19:23.727672Z",3894902.0,7.185,5.0,"–ü–æ–Ω—Ä–∞–≤–∏–ª–æ—Å—å –≤—ã–ø–æ–ª–Ω–µ–Ω–∏–µ –∑–∞—è–≤–∫–∏","2025-05-14T10:19:23.727672Z","","","","",""

1930,"1","—Å–¥–µ–ª–∞–ª–∏","2025-05-14T10:19:29.347671Z",3894919.0,2.675,5.0,"–í–æ–ø—Ä–æ—Å —Ä–µ—à–µ–Ω","2025-05-14T10:19:29.347671Z","","","","",""

1931,"1","–°–ø–∞—Å–∏–±–æ!","2025-05-14T10:19:36.636723Z",3894947.0,3.739,5.0,"{""choices"":[""–ü–æ–Ω—Ä–∞–≤–∏–ª–æ—Å—å –≤—ã–ø–æ–ª–Ω–µ–Ω–∏–µ –∑–∞—è–≤–∫–∏"",""–í–æ–ø—Ä–æ—Å —Ä–µ—à–µ–Ω""]}","2025-05-14T10:19:36.636723Z","","","","",""

1932,"1","—Å–ø–∞—Å–∏–±–æ –∑–∞ –æ–ø–µ—Ä–∞—Ç–∏–≤–Ω–æ—Å—Ç—å","2025-05-14T10:19:48.141626Z",3895024.0,9.071,5.0,"–í–æ–ø—Ä–æ—Å —Ä–µ—à–µ–Ω","2025-05-14T10:19:48.141626Z","","","","",""

1933,"1","–ü–æ–¥–Ω–∏–º–∞–ª–∞—Å—å —Å–µ–≥–æ–¥–Ω—è —Å —É—Ç—Ä–∞, –∑–∞–ø–∞—Ö–∞ –Ω–µ—Ç —Å–æ–≤—Å–µ–º. –°–ø–∞—Å–∏–±–æ –±–æ–ª—å—à–æ–µ ","2025-05-14T10:20:52.218712Z",3895042.0,61.944,5.0,"–í–æ–ø—Ä–æ—Å —Ä–µ—à–µ–Ω","2025-05-14T10:20:52.218712Z","","","","",""

1934,"1","–°–ø–µ—Ü–∏–∞–ª–∏—Å—Ç –ø—Ä–æ–∫–æ–Ω—Å—É–ª—å—Ç–∏—Ä–æ–≤–∞–ª, —Å–æ—Ä–∏–µ–Ω—Ç–∏—Ä–æ–≤–∞–ª –ø–æ —Å—Ä–æ–∫–∞–º.","2025-05-14T10:21:15.881342Z",3895051.0,13.921,5.0,"–ù—Ä–∞–≤–∏—Ç—Å—è –∫–∞—á–µ—Å—Ç–≤–æ —Ä–∞–±–æ—Ç—ã —Å–æ—Ç—Ä—É–¥–Ω–∏–∫–æ–≤","2025-05-14T10:21:15.881342Z","","","","",""

1935,"1","—Å–ø–∞—Å–∏–±–æ, –±—ã—Å—Ç—Ä–æ –∏ –∫–∞—á–µ—Å—Ç–≤–µ–Ω–Ω–æ. ","2025-05-14T10:21:26.061389Z",3895064.0,7.86,5.0,"","2025-05-14T10:21:26.061389Z","","","","",""

1936,"1","–°–ø–∞—Å–∏–±–æ ","2025-05-14T10:22:16.543906Z",3895084.0,3.883,5.0,"{""choices"":[""–ü–æ–Ω—Ä–∞–≤–∏–ª–æ—Å—å –≤—ã–ø–æ–ª–Ω–µ–Ω–∏–µ –∑–∞—è–≤–∫–∏"",""–í–æ–ø—Ä–æ—Å —Ä–µ—à–µ–Ω""]}","2025-05-14T10:22:16.543906Z","","","","",""

1937,"1","—Å–ø–∞—Å–∏–±–æ. ","2025-05-14T10:28:31.305760Z",3895126.0,5.683,5.0,"–í–æ–ø—Ä–æ—Å —Ä–µ—à–µ–Ω","2025-05-14T10:28:31.305760Z","","","","",""

1938,"1","–Ω—É –≤—Ä–æ–¥–µ, –ø–æ–ª—É—á—à–µ...

–°–ª–∞–≤–∞ –ë–æ–≥—É","2025-05-14T10:40:41.067355Z",3913566.0,6.959,5.0,"–ù—Ä–∞–≤–∏—Ç—Å—è —Å–∫–æ—Ä–æ—Å—Ç—å –æ—Ç—Ä–∞–±–æ—Ç–∫–∏ –∑–∞—è–≤–æ–∫","2025-05-14T10:40:41.067355Z","","","","",""

